image_path,label
DetectedBarcode_0000_confidence_0.86_0.jpg,0
DetectedBarcode_0001_confidence_0.89_0.jpg,0
DetectedBarcode_0002_confidence_0.85_0.jpg,0
DetectedBarcode_0003_confidence_0.85_0.jpg,0
DetectedBarcode_0004_confidence_0.85_0.jpg,0
DetectedBarcode_0005_confidence_0.91_0.jpg,0
DetectedBarcode_0006_confidence_0.89_0.jpg,0
DetectedBarcode_0007_confidence_0.88_0.jpg,0
DetectedBarcode_0008_confidence_0.89_0.jpg,0
DetectedBarcode_0009_confidence_0.89_0.jpg,0
DetectedBarcode_0010_confidence_0.88_0.jpg,0
DetectedBarcode_0011_confidence_0.89_0.jpg,0
DetectedBarcode_0012_confidence_0.90_0.jpg,0
DetectedBarcode_0013_confidence_0.90_0.jpg,0
DetectedBarcode_0014_confidence_0.89_0.jpg,0
DetectedBarcode_0015_confidence_0.89_0.jpg,0
DetectedBarcode_0016_confidence_0.88_0.jpg,0
DetectedBarcode_0017_confidence_0.87_0.jpg,0
DetectedBarcode_0018_confidence_0.86_0.jpg,0
DetectedBarcode_0019_confidence_0.86_0.jpg,0
DetectedBarcode_0020_confidence_0.89_0.jpg,0
DetectedBarcode_0021_confidence_0.88_0.jpg,0
DetectedBarcode_0022_confidence_0.89_0.jpg,0
DetectedBarcode_0023_confidence_0.90_0.jpg,0
DetectedBarcode_0024_confidence_0.89_0.jpg,0
DetectedBarcode_0025_confidence_0.90_0.jpg,0
DetectedBarcode_0026_confidence_0.88_0.jpg,0
DetectedBarcode_0027_confidence_0.90_0.jpg,0
DetectedBarcode_0028_confidence_0.90_0.jpg,0
DetectedBarcode_0029_confidence_0.87_0.jpg,0
DetectedBarcode_0030_confidence_0.88_0.jpg,0
DetectedBarcode_0031_confidence_0.87_0.jpg,0
DetectedBarcode_0032_confidence_0.88_0.jpg,0
DetectedBarcode_0033_confidence_0.92_0.jpg,0
DetectedBarcode_0034_confidence_0.88_0.jpg,0
DetectedBarcode_0035_confidence_0.89_0.jpg,0
DetectedBarcode_0036_confidence_0.88_0.jpg,0
DetectedBarcode_0037_confidence_0.90_0.jpg,0
DetectedBarcode_0038_confidence_0.90_0.jpg,0
DetectedBarcode_0039_confidence_0.88_0.jpg,0
DetectedBarcode_0040_confidence_0.87_0.jpg,0
DetectedBarcode_0041_confidence_0.85_0.jpg,0
DetectedBarcode_0042_confidence_0.86_0.jpg,0
DetectedBarcode_0043_confidence_0.88_0.jpg,0
DetectedBarcode_0044_confidence_0.84_0.jpg,0
DetectedBarcode_0045_confidence_0.90_0.jpg,0
DetectedBarcode_0046_confidence_0.92_0.jpg,0
DetectedBarcode_0047_confidence_0.88_0.jpg,0
DetectedBarcode_0048_confidence_0.89_0.jpg,0
DetectedBarcode_0049_confidence_0.90_0.jpg,0
DetectedBarcode_0050_confidence_0.90_0.jpg,0
DetectedBarcode_0051_confidence_0.88_0.jpg,0
DetectedBarcode_0052_confidence_0.92_0.jpg,0
DetectedBarcode_0053_confidence_0.91_0.jpg,0
DetectedBarcode_0054_confidence_0.87_0.jpg,0
DetectedBarcode_0055_confidence_0.88_0.jpg,0
DetectedBarcode_0056_confidence_0.93_0.jpg,0
DetectedBarcode_0057_confidence_0.87_0.jpg,0
DetectedBarcode_0058_confidence_0.85_0.jpg,0
DetectedBarcode_0059_confidence_0.93_0.jpg,0
DetectedBarcode_0060_confidence_0.93_0.jpg,0
DetectedBarcode_0061_confidence_0.89_0.jpg,0
DetectedBarcode_0062_confidence_0.87_0.jpg,0
DetectedBarcode_0063_confidence_0.91_0.jpg,0
DetectedBarcode_0064_confidence_0.89_0.jpg,0
DetectedBarcode_0065_confidence_0.90_0.jpg,0
DetectedBarcode_0066_confidence_0.90_0.jpg,0
DetectedBarcode_0067_confidence_0.88_0.jpg,0
DetectedBarcode_0068_confidence_0.90_0.jpg,0
DetectedBarcode_0069_confidence_0.90_0.jpg,0
DetectedBarcode_0070_confidence_0.90_0.jpg,0
DetectedBarcode_0071_confidence_0.91_0.jpg,0
DetectedBarcode_0072_confidence_0.89_0.jpg,0
DetectedBarcode_0073_confidence_0.90_0.jpg,0
DetectedBarcode_0074_confidence_0.91_0.jpg,0
DetectedBarcode_0075_confidence_0.89_0.jpg,0
DetectedBarcode_0076_confidence_0.85_0.jpg,0
DetectedBarcode_0077_confidence_0.86_0.jpg,0
DetectedBarcode_0078_confidence_0.87_0.jpg,0
DetectedBarcode_0079_confidence_0.87_0.jpg,0
DetectedBarcode_0080_confidence_0.92_0.jpg,0
DetectedBarcode_0081_confidence_0.85_0.jpg,0
DetectedBarcode_0082_confidence_0.89_0.jpg,0
DetectedBarcode_0083_confidence_0.87_0.jpg,0
DetectedBarcode_0084_confidence_0.90_0.jpg,0
DetectedBarcode_0085_confidence_0.89_0.jpg,0
DetectedBarcode_0086_confidence_0.87_0.jpg,0
DetectedBarcode_0087_confidence_0.87_0.jpg,0
DetectedBarcode_0088_confidence_0.92_0.jpg,0
DetectedBarcode_0089_confidence_0.84_0.jpg,0
DetectedBarcode_0090_confidence_0.85_0.jpg,0
DetectedBarcode_0091_confidence_0.86_0.jpg,0
DetectedBarcode_0092_confidence_0.85_0.jpg,0
DetectedBarcode_0093_confidence_0.90_0.jpg,0
DetectedBarcode_0094_confidence_0.89_0.jpg,0
DetectedBarcode_0095_confidence_0.87_0.jpg,0
DetectedBarcode_0096_confidence_0.88_0.jpg,0
DetectedBarcode_0097_confidence_0.86_0.jpg,0
DetectedBarcode_0098_confidence_0.86_0.jpg,0
DetectedBarcode_0099_confidence_0.87_0.jpg,0
DetectedBarcode_0100_confidence_0.90_0.jpg,0
DetectedBarcode_0101_confidence_0.89_0.jpg,0
DetectedBarcode_0102_confidence_0.89_0.jpg,0
DetectedBarcode_0103_confidence_0.86_0.jpg,0
DetectedBarcode_0104_confidence_0.86_0.jpg,0
DetectedBarcode_0105_confidence_0.89_0.jpg,0
DetectedBarcode_0106_confidence_0.84_0.jpg,0
DetectedBarcode_0107_confidence_0.89_0.jpg,0
DetectedBarcode_0108_confidence_0.91_0.jpg,0
DetectedBarcode_0109_confidence_0.91_0.jpg,0
DetectedBarcode_0110_confidence_0.87_0.jpg,0
DetectedBarcode_0111_confidence_0.89_0.jpg,0
DetectedBarcode_0112_confidence_0.90_0.jpg,0
DetectedBarcode_0113_confidence_0.89_0.jpg,0
DetectedBarcode_0114_confidence_0.87_0.jpg,0
DetectedBarcode_0115_confidence_0.86_0.jpg,0
DetectedBarcode_0116_confidence_0.94_0.jpg,0
DetectedBarcode_0117_confidence_0.84_0.jpg,0
DetectedBarcode_0118_confidence_0.86_0.jpg,0
DetectedBarcode_0119_confidence_0.83_0.jpg,0
DetectedBarcode_0120_confidence_0.86_0.jpg,0
DetectedBarcode_0121_confidence_0.86_0.jpg,0
DetectedBarcode_0122_confidence_0.89_0.jpg,0
DetectedBarcode_0123_confidence_0.85_0.jpg,0
DetectedBarcode_0124_confidence_0.90_0.jpg,0
DetectedBarcode_0125_confidence_0.84_0.jpg,0
DetectedBarcode_0126_confidence_0.86_0.jpg,0
DetectedBarcode_0127_confidence_0.86_0.jpg,0
DetectedBarcode_0128_confidence_0.86_0.jpg,0
DetectedBarcode_0129_confidence_0.86_0.jpg,0
DetectedBarcode_0130_confidence_0.83_0.jpg,0
DetectedBarcode_0131_confidence_0.88_0.jpg,0
DetectedBarcode_0132_confidence_0.91_0.jpg,0
DetectedBarcode_0133_confidence_0.84_0.jpg,0
DetectedBarcode_0134_confidence_0.84_0.jpg,0
DetectedBarcode_0135_confidence_0.89_0.jpg,0
DetectedBarcode_0136_confidence_0.82_0.jpg,0
DetectedBarcode_0137_confidence_0.85_0.jpg,0
DetectedBarcode_0138_confidence_0.83_0.jpg,0
DetectedBarcode_0139_confidence_0.85_0.jpg,0
DetectedBarcode_0140_confidence_0.85_0.jpg,0
DetectedBarcode_0141_confidence_0.85_0.jpg,0
DetectedBarcode_0142_confidence_0.84_0.jpg,0
DetectedBarcode_0143_confidence_0.86_0.jpg,0
DetectedBarcode_0144_confidence_0.91_0.jpg,0
DetectedBarcode_0145_confidence_0.85_0.jpg,0
DetectedBarcode_0146_confidence_0.83_0.jpg,0
DetectedBarcode_0147_confidence_0.85_0.jpg,0
DetectedBarcode_0148_confidence_0.88_0.jpg,0
DetectedBarcode_0149_confidence_0.86_0.jpg,0
DetectedBarcode_0150_confidence_0.88_0.jpg,0
DetectedBarcode_0151_confidence_0.86_0.jpg,0
DetectedBarcode_0152_confidence_0.89_0.jpg,0
DetectedBarcode_0153_confidence_0.89_0.jpg,0
DetectedBarcode_0154_confidence_0.87_0.jpg,0
DetectedBarcode_0155_confidence_0.83_0.jpg,0
DetectedBarcode_0156_confidence_0.86_0.jpg,0
DetectedBarcode_0157_confidence_0.88_0.jpg,0
DetectedBarcode_0158_confidence_0.92_0.jpg,0
DetectedBarcode_0159_confidence_0.82_0.jpg,0
DetectedBarcode_0160_confidence_0.89_0.jpg,0
DetectedBarcode_0161_confidence_0.85_0.jpg,0
DetectedBarcode_0162_confidence_0.82_0.jpg,0
DetectedBarcode_0163_confidence_0.92_0.jpg,0
DetectedBarcode_0164_confidence_0.86_0.jpg,0
DetectedBarcode_0165_confidence_0.88_0.jpg,0
DetectedBarcode_0166_confidence_0.85_0.jpg,0
DetectedBarcode_0167_confidence_0.87_0.jpg,0
DetectedBarcode_0168_confidence_0.91_0.jpg,0
DetectedBarcode_0169_confidence_0.89_0.jpg,0
DetectedBarcode_0170_confidence_0.86_0.jpg,0
DetectedBarcode_0171_confidence_0.83_0.jpg,0
DetectedBarcode_0172_confidence_0.86_0.jpg,0
DetectedBarcode_0173_confidence_0.91_0.jpg,0
DetectedBarcode_0174_confidence_0.86_0.jpg,0
DetectedBarcode_0175_confidence_0.85_0.jpg,0
DetectedBarcode_0176_confidence_0.93_0.jpg,0
DetectedBarcode_0177_confidence_0.84_0.jpg,0
DetectedBarcode_0178_confidence_0.87_0.jpg,0
DetectedBarcode_0179_confidence_0.86_0.jpg,0
DetectedBarcode_0180_confidence_0.86_0.jpg,0
DetectedBarcode_0181_confidence_0.87_0.jpg,0
DetectedBarcode_0182_confidence_0.85_0.jpg,0
DetectedBarcode_0183_confidence_0.85_0.jpg,0
DetectedBarcode_0184_confidence_0.84_0.jpg,0
DetectedBarcode_0185_confidence_0.90_0.jpg,0
DetectedBarcode_0186_confidence_0.92_0.jpg,0
DetectedBarcode_0187_confidence_0.83_0.jpg,0
DetectedBarcode_0188_confidence_0.85_0.jpg,0
DetectedBarcode_0189_confidence_0.85_0.jpg,0
DetectedBarcode_0190_confidence_0.87_0.jpg,0
DetectedBarcode_0191_confidence_0.85_0.jpg,0
DetectedBarcode_0192_confidence_0.89_0.jpg,0
DetectedBarcode_0193_confidence_0.86_0.jpg,0
DetectedBarcode_0194_confidence_0.85_0.jpg,0
DetectedBarcode_0195_confidence_0.86_0.jpg,0
DetectedBarcode_0196_confidence_0.93_0.jpg,0
DetectedBarcode_0197_confidence_0.86_0.jpg,0
DetectedBarcode_0198_confidence_0.90_0.jpg,0
DetectedBarcode_0199_confidence_0.80_0.jpg,0
DetectedBarcode_0200_confidence_0.93_0.jpg,0
DetectedBarcode_0201_confidence_0.85_0.jpg,0
DetectedBarcode_0202_confidence_0.91_0.jpg,0
DetectedBarcode_0203_confidence_0.86_0.jpg,0
DetectedBarcode_0204_confidence_0.94_0.jpg,0
DetectedBarcode_0205_confidence_0.91_0.jpg,0
DetectedBarcode_0206_confidence_0.86_0.jpg,0
DetectedBarcode_0207_confidence_0.83_0.jpg,0
DetectedBarcode_0208_confidence_0.84_0.jpg,0
DetectedBarcode_0209_confidence_0.85_0.jpg,0
DetectedBarcode_0210_confidence_0.86_0.jpg,0
DetectedBarcode_0211_confidence_0.87_0.jpg,0
DetectedBarcode_0212_confidence_0.84_0.jpg,0
DetectedBarcode_0213_confidence_0.86_0.jpg,0
DetectedBarcode_0214_confidence_0.86_0.jpg,0
DetectedBarcode_0215_confidence_0.80_0.jpg,0
DetectedBarcode_0216_confidence_0.89_0.jpg,0
DetectedBarcode_0217_confidence_0.83_0.jpg,0
DetectedBarcode_0218_confidence_0.85_0.jpg,0
DetectedBarcode_0219_confidence_0.83_0.jpg,0
DetectedBarcode_0220_confidence_0.89_0.jpg,0
DetectedBarcode_0221_confidence_0.87_0.jpg,0
DetectedBarcode_0222_confidence_0.88_0.jpg,0
DetectedBarcode_0223_confidence_0.86_0.jpg,0
DetectedBarcode_0224_confidence_0.87_0.jpg,0
DetectedBarcode_0225_confidence_0.87_0.jpg,0
DetectedBarcode_0226_confidence_0.87_0.jpg,0
DetectedBarcode_0227_confidence_0.85_0.jpg,0
DetectedBarcode_0228_confidence_0.88_0.jpg,0
DetectedBarcode_0229_confidence_0.87_0.jpg,0
DetectedBarcode_0230_confidence_0.82_0.jpg,0
DetectedBarcode_0231_confidence_0.88_0.jpg,0
DetectedBarcode_0232_confidence_0.87_0.jpg,0
DetectedBarcode_0233_confidence_0.86_0.jpg,0
DetectedBarcode_0234_confidence_0.89_0.jpg,0
DetectedBarcode_0235_confidence_0.87_0.jpg,0
DetectedBarcode_0236_confidence_0.87_0.jpg,0
DetectedBarcode_0237_confidence_0.85_0.jpg,0
DetectedBarcode_0238_confidence_0.89_0.jpg,0
DetectedBarcode_0239_confidence_0.85_0.jpg,0
DetectedBarcode_0240_confidence_0.87_0.jpg,0
DetectedBarcode_0241_confidence_0.83_0.jpg,0
DetectedBarcode_0242_confidence_0.87_0.jpg,0
DetectedBarcode_0243_confidence_0.86_0.jpg,0
DetectedBarcode_0244_confidence_0.89_0.jpg,0
DetectedBarcode_0245_confidence_0.86_0.jpg,0
DetectedBarcode_0246_confidence_0.82_0.jpg,0
DetectedBarcode_0247_confidence_0.85_0.jpg,0
DetectedBarcode_0248_confidence_0.83_0.jpg,0
DetectedBarcode_0249_confidence_0.84_0.jpg,0
DetectedBarcode_0250_confidence_0.89_0.jpg,0
DetectedBarcode_0251_confidence_0.87_0.jpg,0
DetectedBarcode_0252_confidence_0.87_0.jpg,0
DetectedBarcode_0253_confidence_0.91_0.jpg,0
DetectedBarcode_0254_confidence_0.86_0.jpg,0
DetectedBarcode_0255_confidence_0.88_0.jpg,0
DetectedBarcode_0256_confidence_0.88_0.jpg,0
DetectedBarcode_0257_confidence_0.86_0.jpg,0
DetectedBarcode_0258_confidence_0.85_0.jpg,0
DetectedBarcode_0259_confidence_0.94_0.jpg,0
DetectedBarcode_0260_confidence_0.86_0.jpg,0
DetectedBarcode_0261_confidence_0.84_0.jpg,0
DetectedBarcode_0262_confidence_0.88_0.jpg,0
DetectedBarcode_0263_confidence_0.86_0.jpg,0
DetectedBarcode_0264_confidence_0.86_0.jpg,0
DetectedBarcode_0265_confidence_0.85_0.jpg,0
DetectedBarcode_0266_confidence_0.86_0.jpg,0
DetectedBarcode_0267_confidence_0.88_0.jpg,0
DetectedBarcode_0268_confidence_0.90_0.jpg,0
DetectedBarcode_0269_confidence_0.83_0.jpg,0
DetectedBarcode_0270_confidence_0.88_0.jpg,0
DetectedBarcode_0271_confidence_0.82_0.jpg,0
DetectedBarcode_0272_confidence_0.88_0.jpg,0
DetectedBarcode_0273_confidence_0.84_0.jpg,0
DetectedBarcode_0274_confidence_0.87_0.jpg,0
DetectedBarcode_0275_confidence_0.88_0.jpg,0
DetectedBarcode_0276_confidence_0.86_0.jpg,0
DetectedBarcode_0277_confidence_0.86_0.jpg,0
DetectedBarcode_0278_confidence_0.87_0.jpg,0
DetectedBarcode_0279_confidence_0.86_0.jpg,0
DetectedBarcode_0280_confidence_0.85_0.jpg,0
DetectedBarcode_0281_confidence_0.89_0.jpg,0
DetectedBarcode_0282_confidence_0.89_0.jpg,0
DetectedBarcode_0283_confidence_0.89_0.jpg,0
DetectedBarcode_0284_confidence_0.84_0.jpg,0
DetectedBarcode_0285_confidence_0.91_0.jpg,0
DetectedBarcode_0286_confidence_0.91_0.jpg,0
DetectedBarcode_0287_confidence_0.88_0.jpg,0
DetectedBarcode_0288_confidence_0.87_0.jpg,0
DetectedBarcode_0289_confidence_0.89_0.jpg,0
DetectedBarcode_0290_confidence_0.87_0.jpg,0
DetectedBarcode_0291_confidence_0.88_0.jpg,0
DetectedBarcode_0292_confidence_0.83_0.jpg,0
DetectedBarcode_0293_confidence_0.84_0.jpg,0
DetectedBarcode_0294_confidence_0.83_0.jpg,0
DetectedBarcode_0295_confidence_0.87_0.jpg,0
DetectedBarcode_0296_confidence_0.85_0.jpg,0
DetectedBarcode_0297_confidence_0.83_0.jpg,0
DetectedBarcode_0298_confidence_0.86_0.jpg,0
DetectedBarcode_0299_confidence_0.92_0.jpg,0
DetectedBarcode_0300_confidence_0.87_0.jpg,0
DetectedBarcode_0301_confidence_0.85_0.jpg,0
DetectedBarcode_0302_confidence_0.87_0.jpg,0
DetectedBarcode_0303_confidence_0.81_0.jpg,0
DetectedBarcode_0304_confidence_0.84_0.jpg,0
DetectedBarcode_0305_confidence_0.91_0.jpg,0
DetectedBarcode_0306_confidence_0.88_0.jpg,0
DetectedBarcode_0307_confidence_0.90_0.jpg,0
DetectedBarcode_0308_confidence_0.84_0.jpg,0
DetectedBarcode_0309_confidence_0.84_0.jpg,0
DetectedBarcode_0310_confidence_0.81_0.jpg,0
DetectedBarcode_0311_confidence_0.83_0.jpg,0
DetectedBarcode_0312_confidence_0.85_0.jpg,0
DetectedBarcode_0313_confidence_0.87_0.jpg,0
DetectedBarcode_0314_confidence_0.85_0.jpg,0
DetectedBarcode_0315_confidence_0.92_0.jpg,0
DetectedBarcode_0316_confidence_0.84_0.jpg,0
DetectedBarcode_0317_confidence_0.75_0.jpg,0
DetectedBarcode_0318_confidence_0.84_0.jpg,0
DetectedBarcode_0319_confidence_0.84_0.jpg,0
DetectedBarcode_0320_confidence_0.87_0.jpg,0
DetectedBarcode_0321_confidence_0.85_0.jpg,0
DetectedBarcode_0322_confidence_0.81_0.jpg,0
DetectedBarcode_0323_confidence_0.84_0.jpg,0
DetectedBarcode_0324_confidence_0.83_0.jpg,0
DetectedBarcode_0325_confidence_0.84_0.jpg,0
DetectedBarcode_0326_confidence_0.86_0.jpg,0
DetectedBarcode_0327_confidence_0.87_0.jpg,0
DetectedBarcode_0328_confidence_0.84_0.jpg,0
DetectedBarcode_0329_confidence_0.87_0.jpg,0
DetectedBarcode_0330_confidence_0.85_0.jpg,0
DetectedBarcode_0331_confidence_0.86_0.jpg,0
DetectedBarcode_0332_confidence_0.85_0.jpg,0
DetectedBarcode_0333_confidence_0.85_0.jpg,0
DetectedBarcode_0334_confidence_0.85_0.jpg,0
DetectedBarcode_0335_confidence_0.86_0.jpg,0
DetectedBarcode_0336_confidence_0.84_0.jpg,0
DetectedBarcode_0337_confidence_0.90_0.jpg,0
DetectedBarcode_0338_confidence_0.84_0.jpg,0
DetectedBarcode_0339_confidence_0.85_0.jpg,0
DetectedBarcode_0340_confidence_0.87_0.jpg,0
DetectedBarcode_0341_confidence_0.85_0.jpg,0
DetectedBarcode_0342_confidence_0.88_0.jpg,0
DetectedBarcode_0343_confidence_0.84_0.jpg,0
DetectedBarcode_0344_confidence_0.87_0.jpg,0
DetectedBarcode_0345_confidence_0.84_0.jpg,0
DetectedBarcode_0346_confidence_0.90_0.jpg,0
DetectedBarcode_0347_confidence_0.89_0.jpg,0
DetectedBarcode_0348_confidence_0.74_0.jpg,0
DetectedBarcode_0349_confidence_0.88_0.jpg,0
DetectedBarcode_0350_confidence_0.88_0.jpg,0
DetectedBarcode_0351_confidence_0.86_0.jpg,0
DetectedBarcode_0352_confidence_0.80_0.jpg,0
DetectedBarcode_0353_confidence_0.74_0.jpg,0
DetectedBarcode_0354_confidence_0.84_0.jpg,0
DetectedBarcode_0355_confidence_0.79_0.jpg,0
DetectedBarcode_0356_confidence_0.73_0.jpg,0
DetectedBarcode_0357_confidence_0.83_0.jpg,0
DetectedBarcode_0358_confidence_0.78_0.jpg,0
DetectedBarcode_0359_confidence_0.85_0.jpg,0
DetectedBarcode_0360_confidence_0.86_0.jpg,0
DetectedBarcode_0361_confidence_0.88_0.jpg,0
DetectedBarcode_0362_confidence_0.83_0.jpg,0
DetectedBarcode_0363_confidence_0.89_0.jpg,0
DetectedBarcode_0364_confidence_0.86_0.jpg,0
DetectedBarcode_0365_confidence_0.84_0.jpg,0
DetectedBarcode_0366_confidence_0.89_0.jpg,0
DetectedBarcode_0367_confidence_0.85_0.jpg,0
DetectedBarcode_0368_confidence_0.83_0.jpg,0
DetectedBarcode_0369_confidence_0.83_0.jpg,0
DetectedBarcode_0370_confidence_0.88_0.jpg,0
DetectedBarcode_0371_confidence_0.90_0.jpg,0
DetectedBarcode_0372_confidence_0.87_0.jpg,0
DetectedBarcode_0373_confidence_0.83_0.jpg,0
DetectedBarcode_0374_confidence_0.84_0.jpg,0
DetectedBarcode_0375_confidence_0.90_0.jpg,0
DetectedBarcode_0376_confidence_0.85_0.jpg,0
DetectedBarcode_0377_confidence_0.85_0.jpg,0
DetectedBarcode_0378_confidence_0.69_0.jpg,0
DetectedBarcode_0379_confidence_0.88_0.jpg,0
DetectedBarcode_0380_confidence_0.84_0.jpg,0
DetectedBarcode_0381_confidence_0.81_0.jpg,0
DetectedBarcode_0382_confidence_0.82_0.jpg,0
DetectedBarcode_0383_confidence_0.75_0.jpg,0
DetectedBarcode_0384_confidence_0.78_0.jpg,0
DetectedBarcode_0385_confidence_0.88_0.jpg,0
DetectedBarcode_0386_confidence_0.90_0.jpg,0
DetectedBarcode_0387_confidence_0.86_0.jpg,0
DetectedBarcode_0388_confidence_0.84_0.jpg,0
DetectedBarcode_0389_confidence_0.76_0.jpg,0
DetectedBarcode_0390_confidence_0.90_0.jpg,0
DetectedBarcode_0391_confidence_0.91_0.jpg,0
DetectedBarcode_0392_confidence_0.83_0.jpg,0
DetectedBarcode_0393_confidence_0.87_0.jpg,0
DetectedBarcode_0394_confidence_0.84_0.jpg,0
DetectedBarcode_0395_confidence_0.86_0.jpg,0
DetectedBarcode_0396_confidence_0.85_0.jpg,0
DetectedBarcode_0397_confidence_0.77_0.jpg,0
DetectedBarcode_0398_confidence_0.88_0.jpg,0
DetectedBarcode_0399_confidence_0.85_0.jpg,0
DetectedBarcode_0400_confidence_0.81_0.jpg,0
DetectedBarcode_0401_confidence_0.85_0.jpg,0
DetectedBarcode_0402_confidence_0.80_0.jpg,0
DetectedBarcode_0403_confidence_0.80_0.jpg,0
DetectedBarcode_0404_confidence_0.79_0.jpg,0
DetectedBarcode_0405_confidence_0.85_0.jpg,0
DetectedBarcode_0406_confidence_0.80_0.jpg,0
DetectedBarcode_0407_confidence_0.75_0.jpg,0
DetectedBarcode_0408_confidence_0.82_0.jpg,0
DetectedBarcode_0409_confidence_0.89_0.jpg,0
DetectedBarcode_0410_confidence_0.88_0.jpg,0
DetectedBarcode_0411_confidence_0.86_0.jpg,0
DetectedBarcode_0412_confidence_0.93_0.jpg,0
DetectedBarcode_0413_confidence_0.85_0.jpg,0
DetectedBarcode_0414_confidence_0.84_0.jpg,0
DetectedBarcode_0415_confidence_0.84_0.jpg,0
DetectedBarcode_0416_confidence_0.93_0.jpg,0
DetectedBarcode_0417_confidence_0.83_0.jpg,0
DetectedBarcode_0418_confidence_0.92_0.jpg,0
DetectedBarcode_0419_confidence_0.85_0.jpg,0
DetectedBarcode_0420_confidence_0.86_0.jpg,0
DetectedBarcode_0421_confidence_0.85_0.jpg,0
DetectedBarcode_0422_confidence_0.84_0.jpg,0
DetectedBarcode_0423_confidence_0.85_0.jpg,0
DetectedBarcode_0424_confidence_0.91_0.jpg,0
DetectedBarcode_0425_confidence_0.84_0.jpg,0
DetectedBarcode_0426_confidence_0.82_0.jpg,0
DetectedBarcode_0427_confidence_0.87_0.jpg,0
DetectedBarcode_0428_confidence_0.70_0.jpg,0
DetectedBarcode_0429_confidence_0.80_0.jpg,0
DetectedBarcode_0430_confidence_0.83_0.jpg,0
DetectedBarcode_0431_confidence_0.84_0.jpg,0
DetectedBarcode_0432_confidence_0.86_0.jpg,0
DetectedBarcode_0433_confidence_0.88_0.jpg,0
DetectedBarcode_0434_confidence_0.85_0.jpg,0
DetectedBarcode_0435_confidence_0.86_0.jpg,0
DetectedBarcode_0436_confidence_0.85_0.jpg,0
DetectedBarcode_0437_confidence_0.82_0.jpg,0
DetectedBarcode_0438_confidence_0.75_0.jpg,0
DetectedBarcode_0439_confidence_0.86_0.jpg,0
DetectedBarcode_0440_confidence_0.86_0.jpg,0
DetectedBarcode_0441_confidence_0.84_0.jpg,0
DetectedBarcode_0442_confidence_0.92_0.jpg,0
DetectedBarcode_0443_confidence_0.86_0.jpg,0
DetectedBarcode_0444_confidence_0.88_0.jpg,0
DetectedBarcode_0445_confidence_0.84_0.jpg,0
DetectedBarcode_0446_confidence_0.85_0.jpg,0
DetectedBarcode_0447_confidence_0.89_0.jpg,0
DetectedBarcode_0448_confidence_0.86_0.jpg,0
DetectedBarcode_0449_confidence_0.88_0.jpg,0
DetectedBarcode_0450_confidence_0.86_0.jpg,0
DetectedBarcode_0451_confidence_0.84_0.jpg,0
DetectedBarcode_0452_confidence_0.85_0.jpg,0
DetectedBarcode_0453_confidence_0.90_0.jpg,0
DetectedBarcode_0454_confidence_0.90_0.jpg,0
DetectedBarcode_0455_confidence_0.87_0.jpg,0
DetectedBarcode_0456_confidence_0.82_0.jpg,0
DetectedBarcode_0457_confidence_0.86_0.jpg,0
DetectedBarcode_0458_confidence_0.86_0.jpg,0
DetectedBarcode_0459_confidence_0.86_0.jpg,0
DetectedBarcode_0460_confidence_0.91_0.jpg,0
DetectedBarcode_0461_confidence_0.86_0.jpg,0
DetectedBarcode_0462_confidence_0.87_0.jpg,0
DetectedBarcode_0463_confidence_0.86_0.jpg,0
DetectedBarcode_0464_confidence_0.84_0.jpg,0
DetectedBarcode_0465_confidence_0.82_0.jpg,0
DetectedBarcode_0466_confidence_0.84_0.jpg,0
DetectedBarcode_0467_confidence_0.88_0.jpg,0
DetectedBarcode_0468_confidence_0.88_0.jpg,0
DetectedBarcode_0469_confidence_0.86_0.jpg,0
DetectedBarcode_0470_confidence_0.87_0.jpg,0
DetectedBarcode_0471_confidence_0.85_0.jpg,0
DetectedBarcode_0472_confidence_0.87_0.jpg,0
DetectedBarcode_0473_confidence_0.85_0.jpg,0
DetectedBarcode_0474_confidence_0.88_0.jpg,0
DetectedBarcode_0475_confidence_0.86_0.jpg,0
DetectedBarcode_0476_confidence_0.85_0.jpg,0
DetectedBarcode_0477_confidence_0.93_0.jpg,0
DetectedBarcode_0478_confidence_0.92_0.jpg,0
DetectedBarcode_0479_confidence_0.87_0.jpg,0
DetectedBarcode_0480_confidence_0.87_0.jpg,0
DetectedBarcode_0481_confidence_0.85_0.jpg,0
DetectedBarcode_0482_confidence_0.84_0.jpg,0
DetectedBarcode_0483_confidence_0.86_0.jpg,0
DetectedBarcode_0484_confidence_0.90_0.jpg,0
DetectedBarcode_0485_confidence_0.86_0.jpg,0
DetectedBarcode_0486_confidence_0.83_0.jpg,0
DetectedBarcode_0487_confidence_0.91_0.jpg,0
DetectedBarcode_0488_confidence_0.83_0.jpg,0
DetectedBarcode_0489_confidence_0.86_0.jpg,0
DetectedBarcode_0490_confidence_0.87_0.jpg,0
DetectedBarcode_0491_confidence_0.84_0.jpg,0
DetectedBarcode_0492_confidence_0.80_0.jpg,0
DetectedBarcode_0493_confidence_0.82_0.jpg,0
DetectedBarcode_0494_confidence_0.81_0.jpg,0
DetectedBarcode_0495_confidence_0.83_0.jpg,0
DetectedBarcode_0496_confidence_0.82_0.jpg,0
DetectedBarcode_0497_confidence_0.84_0.jpg,0
DetectedBarcode_0498_confidence_0.86_0.jpg,0
DetectedBarcode_0499_confidence_0.87_0.jpg,0
DetectedBarcode_0500_confidence_0.87_0.jpg,0
DetectedBarcode_0501_confidence_0.87_0.jpg,0
DetectedBarcode_0502_confidence_0.84_0.jpg,0
DetectedBarcode_0503_confidence_0.85_0.jpg,0
DetectedBarcode_0504_confidence_0.87_0.jpg,0
DetectedBarcode_0505_confidence_0.84_0.jpg,0
DetectedBarcode_0506_confidence_0.87_0.jpg,0
DetectedBarcode_0507_confidence_0.90_0.jpg,0
DetectedBarcode_0508_confidence_0.80_0.jpg,0
DetectedBarcode_0509_confidence_0.83_0.jpg,0
DetectedBarcode_0510_confidence_0.83_0.jpg,0
DetectedBarcode_0511_confidence_0.85_0.jpg,0
DetectedBarcode_0512_confidence_0.89_0.jpg,0
DetectedBarcode_0513_confidence_0.88_0.jpg,0
DetectedBarcode_0514_confidence_0.85_0.jpg,0
DetectedBarcode_0515_confidence_0.85_0.jpg,0
DetectedBarcode_0516_confidence_0.84_0.jpg,0
DetectedBarcode_0517_confidence_0.88_0.jpg,0
DetectedBarcode_0518_confidence_0.83_0.jpg,0
DetectedBarcode_0519_confidence_0.84_0.jpg,0
DetectedBarcode_0520_confidence_0.87_0.jpg,0
DetectedBarcode_0521_confidence_0.92_0.jpg,0
DetectedBarcode_0522_confidence_0.89_0.jpg,0
DetectedBarcode_0523_confidence_0.88_0.jpg,0
DetectedBarcode_0524_confidence_0.90_0.jpg,0
DetectedBarcode_0525_confidence_0.87_0.jpg,0
DetectedBarcode_0526_confidence_0.84_0.jpg,0
DetectedBarcode_0527_confidence_0.86_0.jpg,1
DetectedBarcode_0528_confidence_0.90_0.jpg,1
DetectedBarcode_0529_confidence_0.88_0.jpg,1
DetectedBarcode_0530_confidence_0.86_0.jpg,1
DetectedBarcode_0531_confidence_0.86_0.jpg,1
DetectedBarcode_0532_confidence_0.88_0.jpg,1
DetectedBarcode_0533_confidence_0.87_0.jpg,1
DetectedBarcode_0534_confidence_0.88_0.jpg,1
DetectedBarcode_0535_confidence_0.90_0.jpg,1
DetectedBarcode_0536_confidence_0.89_0.jpg,1
DetectedBarcode_0537_confidence_0.89_0.jpg,1
DetectedBarcode_0538_confidence_0.89_0.jpg,1
DetectedBarcode_0539_confidence_0.88_0.jpg,1
DetectedBarcode_0540_confidence_0.89_0.jpg,1
DetectedBarcode_0541_confidence_0.88_0.jpg,1
DetectedBarcode_0542_confidence_0.90_0.jpg,1
DetectedBarcode_0543_confidence_0.87_0.jpg,1
DetectedBarcode_0544_confidence_0.88_0.jpg,1
DetectedBarcode_0545_confidence_0.88_0.jpg,1
DetectedBarcode_0546_confidence_0.86_0.jpg,1
DetectedBarcode_0547_confidence_0.90_0.jpg,1
DetectedBarcode_0548_confidence_0.87_0.jpg,1
DetectedBarcode_0549_confidence_0.89_0.jpg,1
DetectedBarcode_0550_confidence_0.89_0.jpg,1
DetectedBarcode_0551_confidence_0.89_0.jpg,1
DetectedBarcode_0552_confidence_0.90_0.jpg,1
DetectedBarcode_0553_confidence_0.88_0.jpg,1
DetectedBarcode_0554_confidence_0.89_0.jpg,1
DetectedBarcode_0555_confidence_0.90_0.jpg,1
DetectedBarcode_0556_confidence_0.86_0.jpg,1
DetectedBarcode_0557_confidence_0.87_0.jpg,1
DetectedBarcode_0558_confidence_0.87_0.jpg,1
DetectedBarcode_0559_confidence_0.87_0.jpg,1
DetectedBarcode_0560_confidence_0.87_0.jpg,1
DetectedBarcode_0561_confidence_0.87_0.jpg,1
DetectedBarcode_0562_confidence_0.90_0.jpg,1
DetectedBarcode_0563_confidence_0.88_0.jpg,1
DetectedBarcode_0564_confidence_0.91_0.jpg,1
DetectedBarcode_0565_confidence_0.91_0.jpg,1
DetectedBarcode_0566_confidence_0.86_0.jpg,1
DetectedBarcode_0567_confidence_0.87_0.jpg,1
DetectedBarcode_0568_confidence_0.86_0.jpg,1
DetectedBarcode_0569_confidence_0.88_0.jpg,1
DetectedBarcode_0570_confidence_0.87_0.jpg,1
DetectedBarcode_0571_confidence_0.86_0.jpg,1
DetectedBarcode_0572_confidence_0.89_0.jpg,1
DetectedBarcode_0573_confidence_0.91_0.jpg,1
DetectedBarcode_0574_confidence_0.89_0.jpg,1
DetectedBarcode_0575_confidence_0.89_0.jpg,1
DetectedBarcode_0576_confidence_0.90_0.jpg,1
DetectedBarcode_0577_confidence_0.86_0.jpg,1
DetectedBarcode_0578_confidence_0.86_0.jpg,1
DetectedBarcode_0579_confidence_0.89_0.jpg,1
DetectedBarcode_0580_confidence_0.88_0.jpg,1
DetectedBarcode_0581_confidence_0.88_0.jpg,1
DetectedBarcode_0582_confidence_0.88_0.jpg,1
DetectedBarcode_0583_confidence_0.90_0.jpg,1
DetectedBarcode_0584_confidence_0.86_0.jpg,1
DetectedBarcode_0585_confidence_0.86_0.jpg,1
DetectedBarcode_0586_confidence_0.88_0.jpg,1
DetectedBarcode_0587_confidence_0.88_0.jpg,1
DetectedBarcode_0588_confidence_0.88_0.jpg,1
DetectedBarcode_0589_confidence_0.87_0.jpg,1
DetectedBarcode_0590_confidence_0.89_0.jpg,1
DetectedBarcode_0591_confidence_0.90_0.jpg,1
DetectedBarcode_0592_confidence_0.91_0.jpg,1
DetectedBarcode_0593_confidence_0.89_0.jpg,1
DetectedBarcode_0594_confidence_0.90_0.jpg,1
DetectedBarcode_0595_confidence_0.89_0.jpg,1
DetectedBarcode_0596_confidence_0.91_0.jpg,1
DetectedBarcode_0597_confidence_0.89_0.jpg,1
DetectedBarcode_0598_confidence_0.89_0.jpg,1
DetectedBarcode_0599_confidence_0.90_0.jpg,1
DetectedBarcode_0600_confidence_0.89_0.jpg,1
DetectedBarcode_0601_confidence_0.89_0.jpg,1
DetectedBarcode_0602_confidence_0.91_0.jpg,1
DetectedBarcode_0603_confidence_0.87_0.jpg,1
DetectedBarcode_0604_confidence_0.88_0.jpg,1
DetectedBarcode_0605_confidence_0.87_0.jpg,1
DetectedBarcode_0606_confidence_0.87_0.jpg,1
DetectedBarcode_0607_confidence_0.87_0.jpg,1
DetectedBarcode_0608_confidence_0.87_0.jpg,1
DetectedBarcode_0609_confidence_0.89_0.jpg,1
DetectedBarcode_0610_confidence_0.86_0.jpg,1
DetectedBarcode_0611_confidence_0.89_0.jpg,1
DetectedBarcode_0612_confidence_0.88_0.jpg,1
DetectedBarcode_0613_confidence_0.90_0.jpg,1
DetectedBarcode_0614_confidence_0.88_0.jpg,1
DetectedBarcode_0615_confidence_0.90_0.jpg,1
DetectedBarcode_0616_confidence_0.84_0.jpg,1
DetectedBarcode_0617_confidence_0.83_0.jpg,1
DetectedBarcode_0618_confidence_0.86_0.jpg,1
DetectedBarcode_0619_confidence_0.83_0.jpg,1
DetectedBarcode_0620_confidence_0.89_0.jpg,1
DetectedBarcode_0621_confidence_0.90_0.jpg,1
DetectedBarcode_0622_confidence_0.89_0.jpg,1
DetectedBarcode_0623_confidence_0.88_0.jpg,1
DetectedBarcode_0624_confidence_0.86_0.jpg,1
DetectedBarcode_0625_confidence_0.88_0.jpg,1
DetectedBarcode_0626_confidence_0.88_0.jpg,1
DetectedBarcode_0627_confidence_0.90_0.jpg,1
DetectedBarcode_0628_confidence_0.88_0.jpg,1
DetectedBarcode_0629_confidence_0.89_0.jpg,1
DetectedBarcode_0630_confidence_0.86_0.jpg,1
DetectedBarcode_0631_confidence_0.89_0.jpg,1
DetectedBarcode_0632_confidence_0.90_0.jpg,1
DetectedBarcode_0633_confidence_0.88_0.jpg,1
DetectedBarcode_0634_confidence_0.89_0.jpg,1
DetectedBarcode_0635_confidence_0.89_0.jpg,1
DetectedBarcode_0636_confidence_0.89_0.jpg,1
DetectedBarcode_0637_confidence_0.86_0.jpg,1
DetectedBarcode_0638_confidence_0.88_0.jpg,1
DetectedBarcode_0639_confidence_0.88_0.jpg,1
DetectedBarcode_0640_confidence_0.89_0.jpg,1
DetectedBarcode_0641_confidence_0.87_0.jpg,1
DetectedBarcode_0642_confidence_0.85_0.jpg,1
DetectedBarcode_0643_confidence_0.86_0.jpg,1
DetectedBarcode_0644_confidence_0.88_0.jpg,1
DetectedBarcode_0645_confidence_0.84_0.jpg,1
DetectedBarcode_0646_confidence_0.82_0.jpg,1
DetectedBarcode_0647_confidence_0.83_0.jpg,1
DetectedBarcode_0648_confidence_0.84_0.jpg,1
DetectedBarcode_0649_confidence_0.86_0.jpg,1
DetectedBarcode_0650_confidence_0.86_0.jpg,1
DetectedBarcode_0651_confidence_0.85_0.jpg,1
DetectedBarcode_0652_confidence_0.89_0.jpg,1
DetectedBarcode_0653_confidence_0.82_0.jpg,1
DetectedBarcode_0654_confidence_0.85_0.jpg,1
DetectedBarcode_0655_confidence_0.87_0.jpg,1
DetectedBarcode_0656_confidence_0.83_0.jpg,1
DetectedBarcode_0657_confidence_0.84_0.jpg,1
DetectedBarcode_0658_confidence_0.84_0.jpg,1
DetectedBarcode_0659_confidence_0.88_0.jpg,1
DetectedBarcode_0660_confidence_0.84_0.jpg,1
DetectedBarcode_0661_confidence_0.86_0.jpg,1
DetectedBarcode_0662_confidence_0.87_0.jpg,1
DetectedBarcode_0663_confidence_0.81_0.jpg,1
DetectedBarcode_0664_confidence_0.83_0.jpg,1
DetectedBarcode_0665_confidence_0.83_0.jpg,1
DetectedBarcode_0666_confidence_0.86_0.jpg,1
DetectedBarcode_0667_confidence_0.85_0.jpg,1
DetectedBarcode_0668_confidence_0.87_0.jpg,1
DetectedBarcode_0669_confidence_0.85_0.jpg,1
DetectedBarcode_0670_confidence_0.86_0.jpg,1
DetectedBarcode_0671_confidence_0.87_0.jpg,1
DetectedBarcode_0672_confidence_0.83_0.jpg,1
DetectedBarcode_0673_confidence_0.83_0.jpg,1
DetectedBarcode_0674_confidence_0.87_0.jpg,1
DetectedBarcode_0675_confidence_0.87_0.jpg,1
DetectedBarcode_0676_confidence_0.88_0.jpg,1
DetectedBarcode_0677_confidence_0.84_0.jpg,1
DetectedBarcode_0678_confidence_0.86_0.jpg,1
DetectedBarcode_0679_confidence_0.90_0.jpg,1
DetectedBarcode_0680_confidence_0.88_0.jpg,1
DetectedBarcode_0681_confidence_0.88_0.jpg,1
DetectedBarcode_0682_confidence_0.84_0.jpg,1
DetectedBarcode_0683_confidence_0.87_0.jpg,1
DetectedBarcode_0684_confidence_0.90_0.jpg,1
DetectedBarcode_0685_confidence_0.84_0.jpg,1
DetectedBarcode_0686_confidence_0.83_0.jpg,1
DetectedBarcode_0687_confidence_0.85_0.jpg,1
DetectedBarcode_0688_confidence_0.85_0.jpg,1
DetectedBarcode_0689_confidence_0.83_0.jpg,1
DetectedBarcode_0690_confidence_0.86_0.jpg,1
DetectedBarcode_0691_confidence_0.83_0.jpg,1
DetectedBarcode_0692_confidence_0.88_0.jpg,1
DetectedBarcode_0693_confidence_0.84_0.jpg,1
DetectedBarcode_0694_confidence_0.87_0.jpg,1
DetectedBarcode_0695_confidence_0.90_0.jpg,1
DetectedBarcode_0696_confidence_0.85_0.jpg,1
DetectedBarcode_0697_confidence_0.85_0.jpg,1
DetectedBarcode_0698_confidence_0.84_0.jpg,1
DetectedBarcode_0699_confidence_0.86_0.jpg,1
DetectedBarcode_0700_confidence_0.86_0.jpg,1
DetectedBarcode_0701_confidence_0.88_0.jpg,1
DetectedBarcode_0702_confidence_0.83_0.jpg,1
DetectedBarcode_0703_confidence_0.87_0.jpg,1
DetectedBarcode_0704_confidence_0.85_0.jpg,1
DetectedBarcode_0705_confidence_0.84_0.jpg,1
DetectedBarcode_0706_confidence_0.83_0.jpg,1
DetectedBarcode_0707_confidence_0.83_0.jpg,1
DetectedBarcode_0708_confidence_0.83_0.jpg,1
DetectedBarcode_0709_confidence_0.85_0.jpg,1
DetectedBarcode_0710_confidence_0.90_0.jpg,1
DetectedBarcode_0711_confidence_0.83_0.jpg,1
DetectedBarcode_0712_confidence_0.87_0.jpg,1
DetectedBarcode_0713_confidence_0.85_0.jpg,1
DetectedBarcode_0714_confidence_0.72_0.jpg,1
DetectedBarcode_0715_confidence_0.85_0.jpg,1
DetectedBarcode_0716_confidence_0.87_0.jpg,1
DetectedBarcode_0717_confidence_0.86_0.jpg,1
DetectedBarcode_0718_confidence_0.87_0.jpg,1
DetectedBarcode_0719_confidence_0.86_0.jpg,1
DetectedBarcode_0720_confidence_0.87_0.jpg,1
DetectedBarcode_0721_confidence_0.83_0.jpg,1
DetectedBarcode_0722_confidence_0.83_0.jpg,1
DetectedBarcode_0723_confidence_0.84_0.jpg,1
DetectedBarcode_0724_confidence_0.86_0.jpg,1
DetectedBarcode_0725_confidence_0.87_0.jpg,1
DetectedBarcode_0726_confidence_0.84_0.jpg,1
DetectedBarcode_0727_confidence_0.85_0.jpg,1
DetectedBarcode_0728_confidence_0.84_0.jpg,1
DetectedBarcode_0729_confidence_0.86_0.jpg,1
DetectedBarcode_0730_confidence_0.88_0.jpg,1
DetectedBarcode_0731_confidence_0.89_0.jpg,1
DetectedBarcode_0732_confidence_0.87_0.jpg,1
DetectedBarcode_0733_confidence_0.86_0.jpg,1
DetectedBarcode_0734_confidence_0.86_0.jpg,1
DetectedBarcode_0735_confidence_0.84_0.jpg,1
DetectedBarcode_0736_confidence_0.85_0.jpg,1
DetectedBarcode_0737_confidence_0.91_0.jpg,1
DetectedBarcode_0738_confidence_0.87_0.jpg,1
DetectedBarcode_0739_confidence_0.83_0.jpg,1
DetectedBarcode_0740_confidence_0.86_0.jpg,1
DetectedBarcode_0741_confidence_0.83_0.jpg,1
DetectedBarcode_0742_confidence_0.82_0.jpg,1
DetectedBarcode_0743_confidence_0.86_0.jpg,1
DetectedBarcode_0744_confidence_0.83_0.jpg,1
DetectedBarcode_0745_confidence_0.83_0.jpg,1
DetectedBarcode_0746_confidence_0.86_0.jpg,1
DetectedBarcode_0747_confidence_0.88_0.jpg,1
DetectedBarcode_0748_confidence_0.89_0.jpg,1
DetectedBarcode_0749_confidence_0.86_0.jpg,1
DetectedBarcode_0750_confidence_0.89_0.jpg,1
DetectedBarcode_0751_confidence_0.86_0.jpg,1
DetectedBarcode_0752_confidence_0.85_0.jpg,1
DetectedBarcode_0753_confidence_0.85_0.jpg,1
DetectedBarcode_0754_confidence_0.86_0.jpg,1
DetectedBarcode_0755_confidence_0.84_0.jpg,1
DetectedBarcode_0756_confidence_0.85_0.jpg,1
DetectedBarcode_0757_confidence_0.84_0.jpg,1
DetectedBarcode_0758_confidence_0.87_0.jpg,1
DetectedBarcode_0759_confidence_0.86_0.jpg,1
DetectedBarcode_0760_confidence_0.82_0.jpg,1
DetectedBarcode_0761_confidence_0.88_0.jpg,1
DetectedBarcode_0762_confidence_0.87_0.jpg,1
DetectedBarcode_0763_confidence_0.88_0.jpg,1
DetectedBarcode_0764_confidence_0.82_0.jpg,1
DetectedBarcode_0765_confidence_0.90_0.jpg,1
DetectedBarcode_0766_confidence_0.88_0.jpg,1
DetectedBarcode_0767_confidence_0.85_0.jpg,1
DetectedBarcode_0768_confidence_0.81_0.jpg,1
DetectedBarcode_0769_confidence_0.88_0.jpg,1
DetectedBarcode_0770_confidence_0.88_0.jpg,1
DetectedBarcode_0771_confidence_0.88_0.jpg,1
DetectedBarcode_0772_confidence_0.85_0.jpg,1
DetectedBarcode_0773_confidence_0.83_0.jpg,1
DetectedBarcode_0774_confidence_0.82_0.jpg,1
DetectedBarcode_0775_confidence_0.87_0.jpg,1
DetectedBarcode_0776_confidence_0.83_0.jpg,1
DetectedBarcode_0777_confidence_0.86_0.jpg,1
DetectedBarcode_0778_confidence_0.88_0.jpg,1
DetectedBarcode_0779_confidence_0.85_0.jpg,1
DetectedBarcode_0780_confidence_0.88_0.jpg,1
DetectedBarcode_0781_confidence_0.87_0.jpg,1
DetectedBarcode_0782_confidence_0.87_0.jpg,1
DetectedBarcode_0783_confidence_0.87_0.jpg,1
DetectedBarcode_0784_confidence_0.87_0.jpg,1
DetectedBarcode_0785_confidence_0.84_0.jpg,1
DetectedBarcode_0786_confidence_0.87_0.jpg,1
DetectedBarcode_0787_confidence_0.87_0.jpg,1
DetectedBarcode_0788_confidence_0.83_0.jpg,1
DetectedBarcode_0789_confidence_0.84_0.jpg,1
DetectedBarcode_0790_confidence_0.86_0.jpg,1
DetectedBarcode_0791_confidence_0.86_0.jpg,1
DetectedBarcode_0792_confidence_0.84_0.jpg,1
DetectedBarcode_0793_confidence_0.85_0.jpg,1
DetectedBarcode_0794_confidence_0.85_0.jpg,1
DetectedBarcode_0795_confidence_0.89_0.jpg,1
DetectedBarcode_0796_confidence_0.83_0.jpg,1
DetectedBarcode_0797_confidence_0.84_0.jpg,1
DetectedBarcode_0798_confidence_0.84_0.jpg,1
DetectedBarcode_0799_confidence_0.85_0.jpg,1
DetectedBarcode_0800_confidence_0.84_0.jpg,1
DetectedBarcode_0801_confidence_0.87_0.jpg,1
DetectedBarcode_0802_confidence_0.89_0.jpg,1
DetectedBarcode_0803_confidence_0.87_0.jpg,1
DetectedBarcode_0804_confidence_0.84_0.jpg,1
DetectedBarcode_0805_confidence_0.88_0.jpg,1
DetectedBarcode_0806_confidence_0.88_0.jpg,1
DetectedBarcode_0807_confidence_0.83_0.jpg,1
DetectedBarcode_0808_confidence_0.84_0.jpg,1
DetectedBarcode_0809_confidence_0.85_0.jpg,1
DetectedBarcode_0810_confidence_0.85_0.jpg,1
DetectedBarcode_0811_confidence_0.82_0.jpg,1
DetectedBarcode_0812_confidence_0.91_0.jpg,1
DetectedBarcode_0813_confidence_0.92_0.jpg,1
DetectedBarcode_0814_confidence_0.88_0.jpg,1
DetectedBarcode_0815_confidence_0.84_0.jpg,1
DetectedBarcode_0816_confidence_0.89_0.jpg,1
DetectedBarcode_0817_confidence_0.85_0.jpg,1
DetectedBarcode_0818_confidence_0.89_0.jpg,1
DetectedBarcode_0819_confidence_0.84_0.jpg,1
DetectedBarcode_0820_confidence_0.78_0.jpg,1
DetectedBarcode_0821_confidence_0.80_0.jpg,1
DetectedBarcode_0822_confidence_0.87_0.jpg,1
DetectedBarcode_0823_confidence_0.84_0.jpg,1
DetectedBarcode_0824_confidence_0.83_0.jpg,1
DetectedBarcode_0825_confidence_0.87_0.jpg,1
DetectedBarcode_0826_confidence_0.89_0.jpg,1
DetectedBarcode_0827_confidence_0.88_0.jpg,1
DetectedBarcode_0828_confidence_0.85_0.jpg,1
DetectedBarcode_0829_confidence_0.85_0.jpg,1
DetectedBarcode_0830_confidence_0.86_0.jpg,1
DetectedBarcode_0831_confidence_0.80_0.jpg,1
DetectedBarcode_0832_confidence_0.88_0.jpg,1
DetectedBarcode_0833_confidence_0.84_0.jpg,1
DetectedBarcode_0834_confidence_0.86_0.jpg,1
DetectedBarcode_0835_confidence_0.83_0.jpg,1
DetectedBarcode_0836_confidence_0.82_0.jpg,1
DetectedBarcode_0837_confidence_0.83_0.jpg,1
DetectedBarcode_0838_confidence_0.81_0.jpg,1
DetectedBarcode_0839_confidence_0.84_0.jpg,1
DetectedBarcode_0840_confidence_0.82_0.jpg,1
DetectedBarcode_0841_confidence_0.87_0.jpg,1
DetectedBarcode_0842_confidence_0.85_0.jpg,1
DetectedBarcode_0843_confidence_0.86_0.jpg,1
DetectedBarcode_0844_confidence_0.85_0.jpg,1
DetectedBarcode_0845_confidence_0.81_0.jpg,1
DetectedBarcode_0846_confidence_0.84_0.jpg,1
DetectedBarcode_0847_confidence_0.87_0.jpg,1
DetectedBarcode_0848_confidence_0.80_0.jpg,1
DetectedBarcode_0849_confidence_0.77_0.jpg,1
DetectedBarcode_0850_confidence_0.84_0.jpg,1
DetectedBarcode_0851_confidence_0.84_0.jpg,1
DetectedBarcode_0852_confidence_0.81_0.jpg,1
DetectedBarcode_0853_confidence_0.85_0.jpg,1
DetectedBarcode_0854_confidence_0.85_0.jpg,1
DetectedBarcode_0855_confidence_0.84_0.jpg,1
DetectedBarcode_0856_confidence_0.86_0.jpg,1
DetectedBarcode_0857_confidence_0.84_0.jpg,1
DetectedBarcode_0858_confidence_0.86_0.jpg,1
DetectedBarcode_0859_confidence_0.88_0.jpg,1
DetectedBarcode_0860_confidence_0.87_0.jpg,1
DetectedBarcode_0861_confidence_0.83_0.jpg,1
DetectedBarcode_0862_confidence_0.84_0.jpg,1
DetectedBarcode_0863_confidence_0.84_0.jpg,1
DetectedBarcode_0864_confidence_0.90_0.jpg,1
DetectedBarcode_0865_confidence_0.83_0.jpg,1
DetectedBarcode_0866_confidence_0.84_0.jpg,1
DetectedBarcode_0867_confidence_0.86_0.jpg,1
DetectedBarcode_0868_confidence_0.85_0.jpg,1
DetectedBarcode_0869_confidence_0.86_0.jpg,1
DetectedBarcode_0870_confidence_0.88_0.jpg,1
DetectedBarcode_0871_confidence_0.92_0.jpg,1
DetectedBarcode_0872_confidence_0.87_0.jpg,1
DetectedBarcode_0873_confidence_0.91_0.jpg,1
DetectedBarcode_0874_confidence_0.88_0.jpg,1
DetectedBarcode_0875_confidence_0.76_0.jpg,1
DetectedBarcode_0876_confidence_0.86_0.jpg,1
DetectedBarcode_0877_confidence_0.83_0.jpg,1
DetectedBarcode_0878_confidence_0.87_0.jpg,1
DetectedBarcode_0879_confidence_0.82_0.jpg,1
DetectedBarcode_0880_confidence_0.81_0.jpg,1
DetectedBarcode_0881_confidence_0.84_0.jpg,1
DetectedBarcode_0882_confidence_0.81_0.jpg,1
DetectedBarcode_0883_confidence_0.70_0.jpg,1
DetectedBarcode_0884_confidence_0.86_0.jpg,1
DetectedBarcode_0885_confidence_0.81_0.jpg,1
DetectedBarcode_0886_confidence_0.81_0.jpg,1
DetectedBarcode_0887_confidence_0.83_0.jpg,1
DetectedBarcode_0888_confidence_0.84_0.jpg,1
DetectedBarcode_0889_confidence_0.83_0.jpg,1
DetectedBarcode_0890_confidence_0.85_0.jpg,1
DetectedBarcode_0891_confidence_0.83_0.jpg,1
DetectedBarcode_0892_confidence_0.86_0.jpg,1
DetectedBarcode_0893_confidence_0.87_0.jpg,1
DetectedBarcode_0894_confidence_0.86_0.jpg,1
DetectedBarcode_0895_confidence_0.85_0.jpg,1
DetectedBarcode_0896_confidence_0.77_0.jpg,1
DetectedBarcode_0897_confidence_0.86_0.jpg,1
DetectedBarcode_0898_confidence_0.88_0.jpg,1
DetectedBarcode_0899_confidence_0.81_0.jpg,1
DetectedBarcode_0900_confidence_0.84_0.jpg,1
DetectedBarcode_0901_confidence_0.81_0.jpg,1
DetectedBarcode_0902_confidence_0.85_0.jpg,1
DetectedBarcode_0903_confidence_0.87_0.jpg,1
DetectedBarcode_0904_confidence_0.86_0.jpg,1
DetectedBarcode_0905_confidence_0.80_0.jpg,1
DetectedBarcode_0906_confidence_0.87_0.jpg,1
DetectedBarcode_0907_confidence_0.81_0.jpg,1
DetectedBarcode_0908_confidence_0.83_0.jpg,1
DetectedBarcode_0909_confidence_0.84_0.jpg,1
DetectedBarcode_0910_confidence_0.81_0.jpg,1
DetectedBarcode_0911_confidence_0.83_0.jpg,1
DetectedBarcode_0912_confidence_0.90_0.jpg,1
DetectedBarcode_0913_confidence_0.88_0.jpg,1
DetectedBarcode_0914_confidence_0.88_0.jpg,1
DetectedBarcode_0915_confidence_0.85_0.jpg,1
DetectedBarcode_0916_confidence_0.73_0.jpg,1
DetectedBarcode_0917_confidence_0.86_0.jpg,1
DetectedBarcode_0918_confidence_0.86_0.jpg,1
DetectedBarcode_0919_confidence_0.84_0.jpg,1
DetectedBarcode_0920_confidence_0.89_0.jpg,1
DetectedBarcode_0921_confidence_0.83_0.jpg,1
DetectedBarcode_0922_confidence_0.85_0.jpg,1
DetectedBarcode_0923_confidence_0.88_0.jpg,1
DetectedBarcode_0924_confidence_0.76_0.jpg,1
DetectedBarcode_0925_confidence_0.85_0.jpg,1
DetectedBarcode_0926_confidence_0.87_0.jpg,1
DetectedBarcode_0927_confidence_0.84_0.jpg,1
DetectedBarcode_0928_confidence_0.83_0.jpg,1
DetectedBarcode_0929_confidence_0.82_0.jpg,1
DetectedBarcode_0930_confidence_0.79_0.jpg,1
DetectedBarcode_0931_confidence_0.73_0.jpg,1
DetectedBarcode_0932_confidence_0.88_0.jpg,1
DetectedBarcode_0933_confidence_0.84_0.jpg,1
DetectedBarcode_0934_confidence_0.72_0.jpg,1
DetectedBarcode_0935_confidence_0.85_0.jpg,1
DetectedBarcode_0936_confidence_0.91_0.jpg,1
DetectedBarcode_0937_confidence_0.86_0.jpg,1
DetectedBarcode_0938_confidence_0.86_0.jpg,1
DetectedBarcode_0939_confidence_0.86_0.jpg,1
DetectedBarcode_0940_confidence_0.85_0.jpg,1
DetectedBarcode_0941_confidence_0.86_0.jpg,1
DetectedBarcode_0942_confidence_0.86_0.jpg,1
DetectedBarcode_0943_confidence_0.84_0.jpg,1
DetectedBarcode_0944_confidence_0.84_0.jpg,1
DetectedBarcode_0945_confidence_0.88_0.jpg,1
DetectedBarcode_0946_confidence_0.84_0.jpg,1
DetectedBarcode_0947_confidence_0.89_0.jpg,1
DetectedBarcode_0948_confidence_0.83_0.jpg,1
DetectedBarcode_0949_confidence_0.84_0.jpg,1
DetectedBarcode_0950_confidence_0.85_0.jpg,1
DetectedBarcode_0951_confidence_0.87_0.jpg,1
DetectedBarcode_0952_confidence_0.84_0.jpg,1
DetectedBarcode_0953_confidence_0.84_0.jpg,1
DetectedBarcode_0954_confidence_0.80_0.jpg,1
DetectedBarcode_0955_confidence_0.66_0.jpg,1
DetectedBarcode_0956_confidence_0.83_0.jpg,1
DetectedBarcode_0957_confidence_0.85_0.jpg,1
DetectedBarcode_0958_confidence_0.84_0.jpg,1
DetectedBarcode_0959_confidence_0.86_0.jpg,1
DetectedBarcode_0960_confidence_0.84_0.jpg,1
DetectedBarcode_0961_confidence_0.85_0.jpg,1
DetectedBarcode_0962_confidence_0.86_0.jpg,1
DetectedBarcode_0963_confidence_0.85_0.jpg,1
DetectedBarcode_0964_confidence_0.83_0.jpg,1
DetectedBarcode_0965_confidence_0.82_0.jpg,1
DetectedBarcode_0966_confidence_0.84_0.jpg,1
DetectedBarcode_0967_confidence_0.89_0.jpg,1
DetectedBarcode_0968_confidence_0.86_0.jpg,1
DetectedBarcode_0969_confidence_0.87_0.jpg,1
DetectedBarcode_0970_confidence_0.87_0.jpg,1
DetectedBarcode_0971_confidence_0.85_0.jpg,1
DetectedBarcode_0972_confidence_0.83_0.jpg,1
DetectedBarcode_0973_confidence_0.87_0.jpg,1
DetectedBarcode_0974_confidence_0.87_0.jpg,1
DetectedBarcode_0975_confidence_0.86_0.jpg,1
DetectedBarcode_0976_confidence_0.87_0.jpg,1
DetectedBarcode_0977_confidence_0.86_0.jpg,1
DetectedBarcode_0978_confidence_0.85_0.jpg,1
DetectedBarcode_0979_confidence_0.84_0.jpg,1
DetectedBarcode_0980_confidence_0.84_0.jpg,1
DetectedBarcode_0981_confidence_0.84_0.jpg,1
DetectedBarcode_0982_confidence_0.83_0.jpg,1
DetectedBarcode_0983_confidence_0.85_0.jpg,1
DetectedBarcode_0984_confidence_0.85_0.jpg,1
DetectedBarcode_0985_confidence_0.86_0.jpg,1
DetectedBarcode_0986_confidence_0.86_0.jpg,1
DetectedBarcode_0987_confidence_0.83_0.jpg,1
DetectedBarcode_0988_confidence_0.86_0.jpg,1
DetectedBarcode_0989_confidence_0.82_0.jpg,1
DetectedBarcode_0990_confidence_0.85_0.jpg,1
DetectedBarcode_0991_confidence_0.87_0.jpg,1
DetectedBarcode_0992_confidence_0.82_0.jpg,1
DetectedBarcode_0993_confidence_0.83_0.jpg,1
DetectedBarcode_0994_confidence_0.87_0.jpg,1
DetectedBarcode_0995_confidence_0.83_0.jpg,1
DetectedBarcode_0996_confidence_0.87_0.jpg,1
DetectedBarcode_0997_confidence_0.84_0.jpg,1
DetectedBarcode_0998_confidence_0.86_0.jpg,1
DetectedBarcode_0999_confidence_0.84_0.jpg,1
DetectedBarcode_1000_confidence_0.82_0.jpg,1
DetectedBarcode_1001_confidence_0.85_0.jpg,1
DetectedBarcode_1002_confidence_0.88_0.jpg,1
DetectedBarcode_1003_confidence_0.84_0.jpg,1
DetectedBarcode_1004_confidence_0.85_0.jpg,1
DetectedBarcode_1005_confidence_0.87_0.jpg,1
DetectedBarcode_1006_confidence_0.86_0.jpg,1
DetectedBarcode_1007_confidence_0.86_0.jpg,1
DetectedBarcode_1008_confidence_0.83_0.jpg,1
DetectedBarcode_1009_confidence_0.84_0.jpg,1
DetectedBarcode_1010_confidence_0.88_0.jpg,1
DetectedBarcode_1011_confidence_0.86_0.jpg,1
DetectedBarcode_1012_confidence_0.88_0.jpg,1
DetectedBarcode_1013_confidence_0.87_0.jpg,1
DetectedBarcode_1014_confidence_0.87_0.jpg,1
DetectedBarcode_1015_confidence_0.83_0.jpg,1
DetectedBarcode_1016_confidence_0.83_0.jpg,1
DetectedBarcode_1017_confidence_0.83_0.jpg,1
DetectedBarcode_1018_confidence_0.84_0.jpg,1
DetectedBarcode_1019_confidence_0.81_0.jpg,1
DetectedBarcode_1020_confidence_0.84_0.jpg,1
DetectedBarcode_1021_confidence_0.84_0.jpg,1
DetectedBarcode_1022_confidence_0.83_0.jpg,1
DetectedBarcode_1023_confidence_0.83_0.jpg,1
DetectedBarcode_1024_confidence_0.81_0.jpg,1
DetectedBarcode_1025_confidence_0.87_0.jpg,1
DetectedBarcode_1026_confidence_0.84_0.jpg,1
DetectedBarcode_1027_confidence_0.87_0.jpg,1
DetectedBarcode_1028_confidence_0.85_0.jpg,1
DetectedBarcode_1029_confidence_0.82_0.jpg,1
DetectedBarcode_1030_confidence_0.83_0.jpg,1
DetectedBarcode_1031_confidence_0.83_0.jpg,1
DetectedBarcode_1032_confidence_0.85_0.jpg,1
DetectedBarcode_1033_confidence_0.86_0.jpg,1
DetectedBarcode_1034_confidence_0.84_0.jpg,1
DetectedBarcode_1035_confidence_0.81_0.jpg,1
DetectedBarcode_1036_confidence_0.84_0.jpg,1
DetectedBarcode_1037_confidence_0.86_0.jpg,1
DetectedBarcode_1038_confidence_0.87_0.jpg,1
DetectedBarcode_1039_confidence_0.91_0.jpg,1
DetectedBarcode_1040_confidence_0.86_0.jpg,1
DetectedBarcode_1041_confidence_0.85_0.jpg,1
DetectedBarcode_1042_confidence_0.83_0.jpg,1
DetectedBarcode_1043_confidence_0.84_0.jpg,1
DetectedBarcode_1044_confidence_0.88_0.jpg,1
DetectedBarcode_1045_confidence_0.84_0.jpg,1
DetectedBarcode_1046_confidence_0.87_0.jpg,1
DetectedBarcode_1047_confidence_0.88_0.jpg,1
DetectedBarcode_1048_confidence_0.88_0.jpg,1
DetectedBarcode_1049_confidence_0.87_0.jpg,1
DetectedBarcode_1050_confidence_0.84_0.jpg,1
DetectedBarcode_1051_confidence_0.88_0.jpg,1
DetectedBarcode_1052_confidence_0.86_0.jpg,1
DetectedBarcode_1053_confidence_0.82_0.jpg,1
DetectedBarcode_1054_confidence_0.83_0.jpg,2
DetectedBarcode_1055_confidence_0.88_0.jpg,2
DetectedBarcode_1056_confidence_0.86_0.jpg,2
DetectedBarcode_1057_confidence_0.89_0.jpg,2
DetectedBarcode_1058_confidence_0.88_0.jpg,2
DetectedBarcode_1059_confidence_0.91_0.jpg,2
DetectedBarcode_1060_confidence_0.88_0.jpg,2
DetectedBarcode_1061_confidence_0.91_0.jpg,2
DetectedBarcode_1062_confidence_0.90_0.jpg,2
DetectedBarcode_1063_confidence_0.92_0.jpg,2
DetectedBarcode_1064_confidence_0.88_0.jpg,2
DetectedBarcode_1065_confidence_0.92_0.jpg,2
DetectedBarcode_1066_confidence_0.89_0.jpg,2
DetectedBarcode_1067_confidence_0.89_0.jpg,2
DetectedBarcode_1068_confidence_0.89_0.jpg,2
DetectedBarcode_1069_confidence_0.90_0.jpg,2
DetectedBarcode_1070_confidence_0.86_0.jpg,2
DetectedBarcode_1071_confidence_0.90_0.jpg,2
DetectedBarcode_1072_confidence_0.87_0.jpg,2
DetectedBarcode_1073_confidence_0.86_0.jpg,2
DetectedBarcode_1074_confidence_0.92_0.jpg,2
DetectedBarcode_1075_confidence_0.84_0.jpg,2
DetectedBarcode_1076_confidence_0.92_0.jpg,2
DetectedBarcode_1077_confidence_0.90_0.jpg,2
DetectedBarcode_1078_confidence_0.89_0.jpg,2
DetectedBarcode_1079_confidence_0.88_0.jpg,2
DetectedBarcode_1080_confidence_0.88_0.jpg,2
DetectedBarcode_1081_confidence_0.92_0.jpg,2
DetectedBarcode_1082_confidence_0.89_0.jpg,2
DetectedBarcode_1083_confidence_0.87_0.jpg,2
DetectedBarcode_1084_confidence_0.86_0.jpg,2
DetectedBarcode_1085_confidence_0.87_0.jpg,2
DetectedBarcode_1086_confidence_0.90_0.jpg,2
DetectedBarcode_1087_confidence_0.90_0.jpg,2
DetectedBarcode_1088_confidence_0.87_0.jpg,2
DetectedBarcode_1089_confidence_0.89_0.jpg,2
DetectedBarcode_1090_confidence_0.88_0.jpg,2
DetectedBarcode_1091_confidence_0.88_0.jpg,2
DetectedBarcode_1092_confidence_0.88_0.jpg,2
DetectedBarcode_1093_confidence_0.90_0.jpg,2
DetectedBarcode_1094_confidence_0.87_0.jpg,2
DetectedBarcode_1095_confidence_0.86_0.jpg,2
DetectedBarcode_1096_confidence_0.88_0.jpg,2
DetectedBarcode_1097_confidence_0.85_0.jpg,2
DetectedBarcode_1098_confidence_0.85_0.jpg,2
DetectedBarcode_1099_confidence_0.90_0.jpg,2
DetectedBarcode_1100_confidence_0.89_0.jpg,2
DetectedBarcode_1101_confidence_0.89_0.jpg,2
DetectedBarcode_1102_confidence_0.88_0.jpg,2
DetectedBarcode_1103_confidence_0.89_0.jpg,2
DetectedBarcode_1104_confidence_0.90_0.jpg,2
DetectedBarcode_1105_confidence_0.88_0.jpg,2
DetectedBarcode_1106_confidence_0.86_0.jpg,2
DetectedBarcode_1107_confidence_0.90_0.jpg,2
DetectedBarcode_1108_confidence_0.89_0.jpg,2
DetectedBarcode_1109_confidence_0.89_0.jpg,2
DetectedBarcode_1110_confidence_0.91_0.jpg,2
DetectedBarcode_1111_confidence_0.85_0.jpg,2
DetectedBarcode_1112_confidence_0.86_0.jpg,2
DetectedBarcode_1113_confidence_0.89_0.jpg,2
DetectedBarcode_1114_confidence_0.86_0.jpg,2
DetectedBarcode_1115_confidence_0.90_0.jpg,2
DetectedBarcode_1116_confidence_0.87_0.jpg,2
DetectedBarcode_1117_confidence_0.88_0.jpg,2
DetectedBarcode_1118_confidence_0.88_0.jpg,2
DetectedBarcode_1119_confidence_0.88_0.jpg,2
DetectedBarcode_1120_confidence_0.90_0.jpg,2
DetectedBarcode_1121_confidence_0.90_0.jpg,2
DetectedBarcode_1122_confidence_0.90_0.jpg,2
DetectedBarcode_1123_confidence_0.88_0.jpg,2
DetectedBarcode_1124_confidence_0.91_0.jpg,2
DetectedBarcode_1125_confidence_0.91_0.jpg,2
DetectedBarcode_1126_confidence_0.88_0.jpg,2
DetectedBarcode_1127_confidence_0.90_0.jpg,2
DetectedBarcode_1128_confidence_0.91_0.jpg,2
DetectedBarcode_1129_confidence_0.89_0.jpg,2
DetectedBarcode_1130_confidence_0.85_0.jpg,2
DetectedBarcode_1131_confidence_0.87_0.jpg,2
DetectedBarcode_1132_confidence_0.87_0.jpg,2
DetectedBarcode_1133_confidence_0.88_0.jpg,2
DetectedBarcode_1134_confidence_0.91_0.jpg,2
DetectedBarcode_1135_confidence_0.85_0.jpg,2
DetectedBarcode_1136_confidence_0.88_0.jpg,2
DetectedBarcode_1137_confidence_0.87_0.jpg,2
DetectedBarcode_1138_confidence_0.90_0.jpg,2
DetectedBarcode_1139_confidence_0.94_0.jpg,2
DetectedBarcode_1140_confidence_0.88_0.jpg,2
DetectedBarcode_1141_confidence_0.90_0.jpg,2
DetectedBarcode_1142_confidence_0.89_0.jpg,2
DetectedBarcode_1143_confidence_0.83_0.jpg,2
DetectedBarcode_1144_confidence_0.83_0.jpg,2
DetectedBarcode_1145_confidence_0.87_0.jpg,2
DetectedBarcode_1146_confidence_0.84_0.jpg,2
DetectedBarcode_1147_confidence_0.89_0.jpg,2
DetectedBarcode_1148_confidence_0.88_0.jpg,2
DetectedBarcode_1149_confidence_0.89_0.jpg,2
DetectedBarcode_1150_confidence_0.89_0.jpg,2
DetectedBarcode_1151_confidence_0.83_0.jpg,2
DetectedBarcode_1152_confidence_0.88_0.jpg,2
DetectedBarcode_1153_confidence_0.85_0.jpg,2
DetectedBarcode_1154_confidence_0.88_0.jpg,2
DetectedBarcode_1155_confidence_0.88_0.jpg,2
DetectedBarcode_1156_confidence_0.88_0.jpg,2
DetectedBarcode_1157_confidence_0.85_0.jpg,2
DetectedBarcode_1158_confidence_0.87_0.jpg,2
DetectedBarcode_1159_confidence_0.87_0.jpg,2
DetectedBarcode_1160_confidence_0.85_0.jpg,2
DetectedBarcode_1161_confidence_0.89_0.jpg,2
DetectedBarcode_1162_confidence_0.90_0.jpg,2
DetectedBarcode_1163_confidence_0.87_0.jpg,2
DetectedBarcode_1164_confidence_0.85_0.jpg,2
DetectedBarcode_1165_confidence_0.90_0.jpg,2
DetectedBarcode_1166_confidence_0.90_0.jpg,2
DetectedBarcode_1167_confidence_0.88_0.jpg,2
DetectedBarcode_1168_confidence_0.89_0.jpg,2
DetectedBarcode_1169_confidence_0.85_0.jpg,2
DetectedBarcode_1170_confidence_0.91_0.jpg,2
DetectedBarcode_1171_confidence_0.83_0.jpg,2
DetectedBarcode_1172_confidence_0.84_0.jpg,2
DetectedBarcode_1173_confidence_0.83_0.jpg,2
DetectedBarcode_1174_confidence_0.85_0.jpg,2
DetectedBarcode_1175_confidence_0.82_0.jpg,2
DetectedBarcode_1176_confidence_0.83_0.jpg,2
DetectedBarcode_1177_confidence_0.89_0.jpg,2
DetectedBarcode_1178_confidence_0.83_0.jpg,2
DetectedBarcode_1179_confidence_0.84_0.jpg,2
DetectedBarcode_1180_confidence_0.85_0.jpg,2
DetectedBarcode_1181_confidence_0.84_0.jpg,2
DetectedBarcode_1182_confidence_0.90_0.jpg,2
DetectedBarcode_1183_confidence_0.85_0.jpg,2
DetectedBarcode_1184_confidence_0.84_0.jpg,2
DetectedBarcode_1185_confidence_0.83_0.jpg,2
DetectedBarcode_1186_confidence_0.87_0.jpg,2
DetectedBarcode_1187_confidence_0.85_0.jpg,2
DetectedBarcode_1188_confidence_0.85_0.jpg,2
DetectedBarcode_1189_confidence_0.85_0.jpg,2
DetectedBarcode_1190_confidence_0.77_0.jpg,2
DetectedBarcode_1191_confidence_0.84_0.jpg,2
DetectedBarcode_1192_confidence_0.85_0.jpg,2
DetectedBarcode_1193_confidence_0.86_0.jpg,2
DetectedBarcode_1194_confidence_0.83_0.jpg,2
DetectedBarcode_1195_confidence_0.86_0.jpg,2
DetectedBarcode_1196_confidence_0.85_0.jpg,2
DetectedBarcode_1197_confidence_0.86_0.jpg,2
DetectedBarcode_1198_confidence_0.85_0.jpg,2
DetectedBarcode_1199_confidence_0.83_0.jpg,2
DetectedBarcode_1200_confidence_0.85_0.jpg,2
DetectedBarcode_1201_confidence_0.90_0.jpg,2
DetectedBarcode_1202_confidence_0.88_0.jpg,2
DetectedBarcode_1203_confidence_0.86_0.jpg,2
DetectedBarcode_1204_confidence_0.83_0.jpg,2
DetectedBarcode_1205_confidence_0.85_0.jpg,2
DetectedBarcode_1206_confidence_0.87_0.jpg,2
DetectedBarcode_1207_confidence_0.87_0.jpg,2
DetectedBarcode_1208_confidence_0.86_0.jpg,2
DetectedBarcode_1209_confidence_0.84_0.jpg,2
DetectedBarcode_1210_confidence_0.85_0.jpg,2
DetectedBarcode_1211_confidence_0.89_0.jpg,2
DetectedBarcode_1212_confidence_0.87_0.jpg,2
DetectedBarcode_1213_confidence_0.84_0.jpg,2
DetectedBarcode_1214_confidence_0.86_0.jpg,2
DetectedBarcode_1215_confidence_0.86_0.jpg,2
DetectedBarcode_1216_confidence_0.84_0.jpg,2
DetectedBarcode_1217_confidence_0.93_0.jpg,2
DetectedBarcode_1218_confidence_0.86_0.jpg,2
DetectedBarcode_1219_confidence_0.86_0.jpg,2
DetectedBarcode_1220_confidence_0.85_0.jpg,2
DetectedBarcode_1221_confidence_0.88_0.jpg,2
DetectedBarcode_1222_confidence_0.89_0.jpg,2
DetectedBarcode_1223_confidence_0.87_0.jpg,2
DetectedBarcode_1224_confidence_0.84_0.jpg,2
DetectedBarcode_1225_confidence_0.84_0.jpg,2
DetectedBarcode_1226_confidence_0.83_0.jpg,2
DetectedBarcode_1227_confidence_0.89_0.jpg,2
DetectedBarcode_1228_confidence_0.87_0.jpg,2
DetectedBarcode_1229_confidence_0.89_0.jpg,2
DetectedBarcode_1230_confidence_0.90_0.jpg,2
DetectedBarcode_1231_confidence_0.82_0.jpg,2
DetectedBarcode_1232_confidence_0.84_0.jpg,2
DetectedBarcode_1233_confidence_0.86_0.jpg,2
DetectedBarcode_1234_confidence_0.84_0.jpg,2
DetectedBarcode_1235_confidence_0.87_0.jpg,2
DetectedBarcode_1236_confidence_0.82_0.jpg,2
DetectedBarcode_1237_confidence_0.86_0.jpg,2
DetectedBarcode_1238_confidence_0.84_0.jpg,2
DetectedBarcode_1239_confidence_0.91_0.jpg,2
DetectedBarcode_1240_confidence_0.89_0.jpg,2
DetectedBarcode_1241_confidence_0.84_0.jpg,2
DetectedBarcode_1242_confidence_0.82_0.jpg,2
DetectedBarcode_1243_confidence_0.87_0.jpg,2
DetectedBarcode_1244_confidence_0.88_0.jpg,2
DetectedBarcode_1245_confidence_0.84_0.jpg,2
DetectedBarcode_1246_confidence_0.89_0.jpg,2
DetectedBarcode_1247_confidence_0.84_0.jpg,2
DetectedBarcode_1248_confidence_0.83_0.jpg,2
DetectedBarcode_1249_confidence_0.82_0.jpg,2
DetectedBarcode_1250_confidence_0.86_0.jpg,2
DetectedBarcode_1251_confidence_0.86_0.jpg,2
DetectedBarcode_1252_confidence_0.86_0.jpg,2
DetectedBarcode_1253_confidence_0.82_0.jpg,2
DetectedBarcode_1254_confidence_0.89_0.jpg,2
DetectedBarcode_1255_confidence_0.84_0.jpg,2
DetectedBarcode_1256_confidence_0.88_0.jpg,2
DetectedBarcode_1257_confidence_0.83_0.jpg,2
DetectedBarcode_1258_confidence_0.91_0.jpg,2
DetectedBarcode_1259_confidence_0.88_0.jpg,2
DetectedBarcode_1260_confidence_0.86_0.jpg,2
DetectedBarcode_1261_confidence_0.83_0.jpg,2
DetectedBarcode_1262_confidence_0.85_0.jpg,2
DetectedBarcode_1263_confidence_0.85_0.jpg,2
DetectedBarcode_1264_confidence_0.85_0.jpg,2
DetectedBarcode_1265_confidence_0.87_0.jpg,2
DetectedBarcode_1266_confidence_0.82_0.jpg,2
DetectedBarcode_1267_confidence_0.86_0.jpg,2
DetectedBarcode_1268_confidence_0.83_0.jpg,2
DetectedBarcode_1269_confidence_0.83_0.jpg,2
DetectedBarcode_1270_confidence_0.85_0.jpg,2
DetectedBarcode_1271_confidence_0.83_0.jpg,2
DetectedBarcode_1272_confidence_0.81_0.jpg,2
DetectedBarcode_1273_confidence_0.83_0.jpg,2
DetectedBarcode_1274_confidence_0.87_0.jpg,2
DetectedBarcode_1275_confidence_0.88_0.jpg,2
DetectedBarcode_1276_confidence_0.88_0.jpg,2
DetectedBarcode_1277_confidence_0.87_0.jpg,2
DetectedBarcode_1278_confidence_0.86_0.jpg,2
DetectedBarcode_1279_confidence_0.85_0.jpg,2
DetectedBarcode_1280_confidence_0.89_0.jpg,2
DetectedBarcode_1281_confidence_0.87_0.jpg,2
DetectedBarcode_1282_confidence_0.85_0.jpg,2
DetectedBarcode_1283_confidence_0.88_0.jpg,2
DetectedBarcode_1284_confidence_0.84_0.jpg,2
DetectedBarcode_1285_confidence_0.85_0.jpg,2
DetectedBarcode_1286_confidence_0.86_0.jpg,2
DetectedBarcode_1287_confidence_0.83_0.jpg,2
DetectedBarcode_1288_confidence_0.88_0.jpg,2
DetectedBarcode_1289_confidence_0.87_0.jpg,2
DetectedBarcode_1290_confidence_0.87_0.jpg,2
DetectedBarcode_1291_confidence_0.85_0.jpg,2
DetectedBarcode_1292_confidence_0.91_0.jpg,2
DetectedBarcode_1293_confidence_0.86_0.jpg,2
DetectedBarcode_1294_confidence_0.81_0.jpg,2
DetectedBarcode_1295_confidence_0.81_0.jpg,2
DetectedBarcode_1296_confidence_0.88_0.jpg,2
DetectedBarcode_1297_confidence_0.89_0.jpg,2
DetectedBarcode_1298_confidence_0.86_0.jpg,2
DetectedBarcode_1299_confidence_0.85_0.jpg,2
DetectedBarcode_1300_confidence_0.81_0.jpg,2
DetectedBarcode_1301_confidence_0.84_0.jpg,2
DetectedBarcode_1302_confidence_0.82_0.jpg,2
DetectedBarcode_1303_confidence_0.86_0.jpg,2
DetectedBarcode_1304_confidence_0.86_0.jpg,2
DetectedBarcode_1305_confidence_0.90_0.jpg,2
DetectedBarcode_1306_confidence_0.86_0.jpg,2
DetectedBarcode_1307_confidence_0.93_0.jpg,2
DetectedBarcode_1308_confidence_0.86_0.jpg,2
DetectedBarcode_1309_confidence_0.87_0.jpg,2
DetectedBarcode_1310_confidence_0.91_0.jpg,2
DetectedBarcode_1311_confidence_0.88_0.jpg,2
DetectedBarcode_1312_confidence_0.82_0.jpg,2
DetectedBarcode_1313_confidence_0.93_0.jpg,2
DetectedBarcode_1314_confidence_0.86_0.jpg,2
DetectedBarcode_1315_confidence_0.85_0.jpg,2
DetectedBarcode_1316_confidence_0.85_0.jpg,2
DetectedBarcode_1317_confidence_0.83_0.jpg,2
DetectedBarcode_1318_confidence_0.86_0.jpg,2
DetectedBarcode_1319_confidence_0.82_0.jpg,2
DetectedBarcode_1320_confidence_0.85_0.jpg,2
DetectedBarcode_1321_confidence_0.86_0.jpg,2
DetectedBarcode_1322_confidence_0.85_0.jpg,2
DetectedBarcode_1323_confidence_0.83_0.jpg,2
DetectedBarcode_1324_confidence_0.85_0.jpg,2
DetectedBarcode_1325_confidence_0.84_0.jpg,2
DetectedBarcode_1326_confidence_0.88_0.jpg,2
DetectedBarcode_1327_confidence_0.85_0.jpg,2
DetectedBarcode_1328_confidence_0.86_0.jpg,2
DetectedBarcode_1329_confidence_0.89_0.jpg,2
DetectedBarcode_1330_confidence_0.88_0.jpg,2
DetectedBarcode_1331_confidence_0.87_0.jpg,2
DetectedBarcode_1332_confidence_0.87_0.jpg,2
DetectedBarcode_1333_confidence_0.87_0.jpg,2
DetectedBarcode_1334_confidence_0.84_0.jpg,2
DetectedBarcode_1335_confidence_0.83_0.jpg,2
DetectedBarcode_1336_confidence_0.87_0.jpg,2
DetectedBarcode_1337_confidence_0.86_0.jpg,2
DetectedBarcode_1338_confidence_0.84_0.jpg,2
DetectedBarcode_1339_confidence_0.88_0.jpg,2
DetectedBarcode_1340_confidence_0.88_0.jpg,2
DetectedBarcode_1341_confidence_0.87_0.jpg,2
DetectedBarcode_1342_confidence_0.85_0.jpg,2
DetectedBarcode_1343_confidence_0.89_0.jpg,2
DetectedBarcode_1344_confidence_0.83_0.jpg,2
DetectedBarcode_1345_confidence_0.88_0.jpg,2
DetectedBarcode_1346_confidence_0.86_0.jpg,2
DetectedBarcode_1347_confidence_0.84_0.jpg,2
DetectedBarcode_1348_confidence_0.79_0.jpg,2
DetectedBarcode_1349_confidence_0.87_0.jpg,2
DetectedBarcode_1350_confidence_0.84_0.jpg,2
DetectedBarcode_1351_confidence_0.83_0.jpg,2
DetectedBarcode_1352_confidence_0.85_0.jpg,2
DetectedBarcode_1353_confidence_0.90_0.jpg,2
DetectedBarcode_1354_confidence_0.85_0.jpg,2
DetectedBarcode_1355_confidence_0.85_0.jpg,2
DetectedBarcode_1356_confidence_0.86_0.jpg,2
DetectedBarcode_1357_confidence_0.83_0.jpg,2
DetectedBarcode_1358_confidence_0.83_0.jpg,2
DetectedBarcode_1359_confidence_0.94_0.jpg,2
DetectedBarcode_1360_confidence_0.84_0.jpg,2
DetectedBarcode_1361_confidence_0.89_0.jpg,2
DetectedBarcode_1362_confidence_0.83_0.jpg,2
DetectedBarcode_1363_confidence_0.84_0.jpg,2
DetectedBarcode_1364_confidence_0.88_0.jpg,2
DetectedBarcode_1365_confidence_0.81_0.jpg,2
DetectedBarcode_1366_confidence_0.83_0.jpg,2
DetectedBarcode_1367_confidence_0.83_0.jpg,2
DetectedBarcode_1368_confidence_0.87_0.jpg,2
DetectedBarcode_1369_confidence_0.90_0.jpg,2
DetectedBarcode_1370_confidence_0.83_0.jpg,2
DetectedBarcode_1371_confidence_0.69_0.jpg,2
DetectedBarcode_1372_confidence_0.84_0.jpg,2
DetectedBarcode_1373_confidence_0.85_0.jpg,2
DetectedBarcode_1374_confidence_0.87_0.jpg,2
DetectedBarcode_1375_confidence_0.82_0.jpg,2
DetectedBarcode_1376_confidence_0.80_0.jpg,2
DetectedBarcode_1377_confidence_0.85_0.jpg,2
DetectedBarcode_1378_confidence_0.87_0.jpg,2
DetectedBarcode_1379_confidence_0.83_0.jpg,2
DetectedBarcode_1380_confidence_0.82_0.jpg,2
DetectedBarcode_1381_confidence_0.85_0.jpg,2
DetectedBarcode_1382_confidence_0.85_0.jpg,2
DetectedBarcode_1383_confidence_0.87_0.jpg,2
DetectedBarcode_1384_confidence_0.86_0.jpg,2
DetectedBarcode_1385_confidence_0.84_0.jpg,2
DetectedBarcode_1386_confidence_0.85_0.jpg,2
DetectedBarcode_1387_confidence_0.85_0.jpg,2
DetectedBarcode_1388_confidence_0.86_0.jpg,2
DetectedBarcode_1389_confidence_0.84_0.jpg,2
DetectedBarcode_1390_confidence_0.85_0.jpg,2
DetectedBarcode_1391_confidence_0.89_0.jpg,2
DetectedBarcode_1392_confidence_0.86_0.jpg,2
DetectedBarcode_1393_confidence_0.84_0.jpg,2
DetectedBarcode_1394_confidence_0.88_0.jpg,2
DetectedBarcode_1395_confidence_0.86_0.jpg,2
DetectedBarcode_1396_confidence_0.89_0.jpg,2
DetectedBarcode_1397_confidence_0.84_0.jpg,2
DetectedBarcode_1398_confidence_0.88_0.jpg,2
DetectedBarcode_1399_confidence_0.84_0.jpg,2
DetectedBarcode_1400_confidence_0.89_0.jpg,2
DetectedBarcode_1401_confidence_0.88_0.jpg,2
DetectedBarcode_1402_confidence_0.72_0.jpg,2
DetectedBarcode_1403_confidence_0.87_0.jpg,2
DetectedBarcode_1404_confidence_0.88_0.jpg,2
DetectedBarcode_1405_confidence_0.85_0.jpg,2
DetectedBarcode_1406_confidence_0.81_0.jpg,2
DetectedBarcode_1407_confidence_0.76_0.jpg,2
DetectedBarcode_1408_confidence_0.87_0.jpg,2
DetectedBarcode_1409_confidence_0.77_0.jpg,2
DetectedBarcode_1410_confidence_0.74_0.jpg,2
DetectedBarcode_1411_confidence_0.83_0.jpg,2
DetectedBarcode_1412_confidence_0.79_0.jpg,2
DetectedBarcode_1413_confidence_0.86_0.jpg,2
DetectedBarcode_1414_confidence_0.85_0.jpg,2
DetectedBarcode_1415_confidence_0.86_0.jpg,2
DetectedBarcode_1416_confidence_0.80_0.jpg,2
DetectedBarcode_1417_confidence_0.90_0.jpg,2
DetectedBarcode_1418_confidence_0.88_0.jpg,2
DetectedBarcode_1419_confidence_0.84_0.jpg,2
DetectedBarcode_1420_confidence_0.89_0.jpg,2
DetectedBarcode_1421_confidence_0.83_0.jpg,2
DetectedBarcode_1422_confidence_0.82_0.jpg,2
DetectedBarcode_1423_confidence_0.82_0.jpg,2
DetectedBarcode_1424_confidence_0.84_0.jpg,2
DetectedBarcode_1425_confidence_0.91_0.jpg,2
DetectedBarcode_1426_confidence_0.86_0.jpg,2
DetectedBarcode_1427_confidence_0.81_0.jpg,2
DetectedBarcode_1428_confidence_0.87_0.jpg,2
DetectedBarcode_1429_confidence_0.93_0.jpg,2
DetectedBarcode_1430_confidence_0.85_0.jpg,2
DetectedBarcode_1431_confidence_0.82_0.jpg,2
DetectedBarcode_1432_confidence_0.71_0.jpg,2
DetectedBarcode_1433_confidence_0.87_0.jpg,2
DetectedBarcode_1434_confidence_0.80_0.jpg,2
DetectedBarcode_1435_confidence_0.80_0.jpg,2
DetectedBarcode_1436_confidence_0.85_0.jpg,2
DetectedBarcode_1437_confidence_0.74_0.jpg,2
DetectedBarcode_1438_confidence_0.77_0.jpg,2
DetectedBarcode_1439_confidence_0.88_0.jpg,2
DetectedBarcode_1440_confidence_0.88_0.jpg,2
DetectedBarcode_1441_confidence_0.88_0.jpg,2
DetectedBarcode_1442_confidence_0.84_0.jpg,2
DetectedBarcode_1443_confidence_0.73_0.jpg,2
DetectedBarcode_1444_confidence_0.88_0.jpg,2
DetectedBarcode_1445_confidence_0.93_0.jpg,2
DetectedBarcode_1446_confidence_0.81_0.jpg,2
DetectedBarcode_1447_confidence_0.86_0.jpg,2
DetectedBarcode_1448_confidence_0.84_0.jpg,2
DetectedBarcode_1449_confidence_0.83_0.jpg,2
DetectedBarcode_1450_confidence_0.85_0.jpg,2
DetectedBarcode_1451_confidence_0.78_0.jpg,2
DetectedBarcode_1452_confidence_0.90_0.jpg,2
DetectedBarcode_1453_confidence_0.85_0.jpg,2
DetectedBarcode_1454_confidence_0.86_0.jpg,2
DetectedBarcode_1455_confidence_0.87_0.jpg,2
DetectedBarcode_1456_confidence_0.82_0.jpg,2
DetectedBarcode_1457_confidence_0.77_0.jpg,2
DetectedBarcode_1458_confidence_0.73_0.jpg,2
DetectedBarcode_1459_confidence_0.84_0.jpg,2
DetectedBarcode_1460_confidence_0.80_0.jpg,2
DetectedBarcode_1461_confidence_0.75_0.jpg,2
DetectedBarcode_1462_confidence_0.86_0.jpg,2
DetectedBarcode_1463_confidence_0.90_0.jpg,2
DetectedBarcode_1464_confidence_0.86_0.jpg,2
DetectedBarcode_1465_confidence_0.85_0.jpg,2
DetectedBarcode_1466_confidence_0.92_0.jpg,2
DetectedBarcode_1467_confidence_0.86_0.jpg,2
DetectedBarcode_1468_confidence_0.83_0.jpg,2
DetectedBarcode_1469_confidence_0.84_0.jpg,2
DetectedBarcode_1470_confidence_0.92_0.jpg,2
DetectedBarcode_1471_confidence_0.83_0.jpg,2
DetectedBarcode_1472_confidence_0.89_0.jpg,2
DetectedBarcode_1473_confidence_0.85_0.jpg,2
DetectedBarcode_1474_confidence_0.85_0.jpg,2
DetectedBarcode_1475_confidence_0.84_0.jpg,2
DetectedBarcode_1476_confidence_0.83_0.jpg,2
DetectedBarcode_1477_confidence_0.85_0.jpg,2
DetectedBarcode_1478_confidence_0.92_0.jpg,2
DetectedBarcode_1479_confidence_0.84_0.jpg,2
DetectedBarcode_1480_confidence_0.80_0.jpg,2
DetectedBarcode_1481_confidence_0.85_0.jpg,2
DetectedBarcode_1482_confidence_0.71_0.jpg,2
DetectedBarcode_1483_confidence_0.80_0.jpg,2
DetectedBarcode_1484_confidence_0.82_0.jpg,2
DetectedBarcode_1485_confidence_0.82_0.jpg,2
DetectedBarcode_1486_confidence_0.86_0.jpg,2
DetectedBarcode_1487_confidence_0.86_0.jpg,2
DetectedBarcode_1488_confidence_0.84_0.jpg,2
DetectedBarcode_1489_confidence_0.89_0.jpg,2
DetectedBarcode_1490_confidence_0.88_0.jpg,2
DetectedBarcode_1491_confidence_0.83_0.jpg,2
DetectedBarcode_1492_confidence_0.77_0.jpg,2
DetectedBarcode_1493_confidence_0.86_0.jpg,2
DetectedBarcode_1494_confidence_0.87_0.jpg,2
DetectedBarcode_1495_confidence_0.89_0.jpg,2
DetectedBarcode_1496_confidence_0.85_0.jpg,2
DetectedBarcode_1497_confidence_0.86_0.jpg,2
DetectedBarcode_1498_confidence_0.88_0.jpg,2
DetectedBarcode_1499_confidence_0.84_0.jpg,2
DetectedBarcode_1500_confidence_0.84_0.jpg,2
DetectedBarcode_1501_confidence_0.89_0.jpg,2
DetectedBarcode_1502_confidence_0.88_0.jpg,2
DetectedBarcode_1503_confidence_0.86_0.jpg,2
DetectedBarcode_1504_confidence_0.86_0.jpg,2
DetectedBarcode_1505_confidence_0.85_0.jpg,2
DetectedBarcode_1506_confidence_0.84_0.jpg,2
DetectedBarcode_1507_confidence_0.87_0.jpg,2
DetectedBarcode_1508_confidence_0.85_0.jpg,2
DetectedBarcode_1509_confidence_0.86_0.jpg,2
DetectedBarcode_1510_confidence_0.86_0.jpg,2
DetectedBarcode_1511_confidence_0.85_0.jpg,2
DetectedBarcode_1512_confidence_0.83_0.jpg,2
DetectedBarcode_1513_confidence_0.84_0.jpg,2
DetectedBarcode_1514_confidence_0.85_0.jpg,2
DetectedBarcode_1515_confidence_0.85_0.jpg,2
DetectedBarcode_1516_confidence_0.86_0.jpg,2
DetectedBarcode_1517_confidence_0.85_0.jpg,2
DetectedBarcode_1518_confidence_0.84_0.jpg,2
DetectedBarcode_1519_confidence_0.83_0.jpg,2
DetectedBarcode_1520_confidence_0.85_0.jpg,2
DetectedBarcode_1521_confidence_0.85_0.jpg,2
DetectedBarcode_1522_confidence_0.84_0.jpg,2
DetectedBarcode_1523_confidence_0.85_0.jpg,2
DetectedBarcode_1524_confidence_0.84_0.jpg,2
DetectedBarcode_1525_confidence_0.85_0.jpg,2
DetectedBarcode_1526_confidence_0.87_0.jpg,2
DetectedBarcode_1527_confidence_0.84_0.jpg,2
DetectedBarcode_1528_confidence_0.89_0.jpg,2
DetectedBarcode_1529_confidence_0.85_0.jpg,2
DetectedBarcode_1530_confidence_0.88_0.jpg,2
DetectedBarcode_1531_confidence_0.87_0.jpg,2
DetectedBarcode_1532_confidence_0.90_0.jpg,2
DetectedBarcode_1533_confidence_0.84_0.jpg,2
DetectedBarcode_1534_confidence_0.93_0.jpg,2
DetectedBarcode_1535_confidence_0.83_0.jpg,2
DetectedBarcode_1536_confidence_0.83_0.jpg,2
DetectedBarcode_1537_confidence_0.87_0.jpg,2
DetectedBarcode_1538_confidence_0.86_0.jpg,2
DetectedBarcode_1539_confidence_0.87_0.jpg,2
DetectedBarcode_1540_confidence_0.84_0.jpg,2
DetectedBarcode_1541_confidence_0.92_0.jpg,2
DetectedBarcode_1542_confidence_0.81_0.jpg,2
DetectedBarcode_1543_confidence_0.86_0.jpg,2
DetectedBarcode_1544_confidence_0.86_0.jpg,2
DetectedBarcode_1545_confidence_0.86_0.jpg,2
DetectedBarcode_1546_confidence_0.83_0.jpg,2
DetectedBarcode_1547_confidence_0.81_0.jpg,2
DetectedBarcode_1548_confidence_0.86_0.jpg,2
DetectedBarcode_1549_confidence_0.85_0.jpg,2
DetectedBarcode_1550_confidence_0.76_0.jpg,2
DetectedBarcode_1551_confidence_0.80_0.jpg,2
DetectedBarcode_1552_confidence_0.83_0.jpg,2
DetectedBarcode_1553_confidence_0.85_0.jpg,2
DetectedBarcode_1554_confidence_0.86_0.jpg,2
DetectedBarcode_1555_confidence_0.83_0.jpg,2
DetectedBarcode_1556_confidence_0.79_0.jpg,2
DetectedBarcode_1557_confidence_0.84_0.jpg,2
DetectedBarcode_1558_confidence_0.86_0.jpg,2
DetectedBarcode_1559_confidence_0.85_0.jpg,2
DetectedBarcode_1560_confidence_0.83_0.jpg,2
DetectedBarcode_1561_confidence_0.88_0.jpg,2
DetectedBarcode_1562_confidence_0.85_0.jpg,2
DetectedBarcode_1563_confidence_0.83_0.jpg,2
DetectedBarcode_1564_confidence_0.83_0.jpg,2
DetectedBarcode_1565_confidence_0.85_0.jpg,2
DetectedBarcode_1566_confidence_0.88_0.jpg,2
DetectedBarcode_1567_confidence_0.86_0.jpg,2
DetectedBarcode_1568_confidence_0.84_0.jpg,2
DetectedBarcode_1569_confidence_0.81_0.jpg,2
DetectedBarcode_1570_confidence_0.81_0.jpg,2
DetectedBarcode_1571_confidence_0.89_0.jpg,2
DetectedBarcode_1572_confidence_0.84_0.jpg,2
DetectedBarcode_1573_confidence_0.84_0.jpg,2
DetectedBarcode_1574_confidence_0.84_0.jpg,2
DetectedBarcode_1575_confidence_0.92_0.jpg,2
DetectedBarcode_1576_confidence_0.88_0.jpg,2
DetectedBarcode_1577_confidence_0.85_0.jpg,2
DetectedBarcode_1578_confidence_0.88_0.jpg,2
DetectedBarcode_1579_confidence_0.91_0.jpg,2
DetectedBarcode_1580_confidence_0.85_0.jpg,2
DetectedBarcode_1581_confidence_0.85_0.jpg,3
DetectedBarcode_1582_confidence_0.88_0.jpg,3
DetectedBarcode_1583_confidence_0.86_0.jpg,3
DetectedBarcode_1584_confidence_0.87_0.jpg,3
DetectedBarcode_1585_confidence_0.85_0.jpg,3
DetectedBarcode_1586_confidence_0.88_0.jpg,3
DetectedBarcode_1587_confidence_0.91_0.jpg,3
DetectedBarcode_1588_confidence_0.90_0.jpg,3
DetectedBarcode_1589_confidence_0.89_0.jpg,3
DetectedBarcode_1590_confidence_0.90_0.jpg,3
DetectedBarcode_1591_confidence_0.89_0.jpg,3
DetectedBarcode_1592_confidence_0.90_0.jpg,3
DetectedBarcode_1593_confidence_0.89_0.jpg,3
DetectedBarcode_1594_confidence_0.88_0.jpg,3
DetectedBarcode_1595_confidence_0.90_0.jpg,3
DetectedBarcode_1596_confidence_0.91_0.jpg,3
DetectedBarcode_1597_confidence_0.89_0.jpg,3
DetectedBarcode_1598_confidence_0.87_0.jpg,3
DetectedBarcode_1599_confidence_0.87_0.jpg,3
DetectedBarcode_1600_confidence_0.86_0.jpg,3
DetectedBarcode_1601_confidence_0.90_0.jpg,3
DetectedBarcode_1602_confidence_0.87_0.jpg,3
DetectedBarcode_1603_confidence_0.89_0.jpg,3
DetectedBarcode_1604_confidence_0.87_0.jpg,3
DetectedBarcode_1605_confidence_0.88_0.jpg,3
DetectedBarcode_1606_confidence_0.89_0.jpg,3
DetectedBarcode_1607_confidence_0.88_0.jpg,3
DetectedBarcode_1608_confidence_0.87_0.jpg,3
DetectedBarcode_1609_confidence_0.90_0.jpg,3
DetectedBarcode_1610_confidence_0.87_0.jpg,3
DetectedBarcode_1611_confidence_0.89_0.jpg,3
DetectedBarcode_1612_confidence_0.88_0.jpg,3
DetectedBarcode_1613_confidence_0.88_0.jpg,3
DetectedBarcode_1614_confidence_0.88_0.jpg,3
DetectedBarcode_1615_confidence_0.89_0.jpg,3
DetectedBarcode_1616_confidence_0.89_0.jpg,3
DetectedBarcode_1617_confidence_0.89_0.jpg,3
DetectedBarcode_1618_confidence_0.88_0.jpg,3
DetectedBarcode_1619_confidence_0.90_0.jpg,3
DetectedBarcode_1620_confidence_0.89_0.jpg,3
DetectedBarcode_1621_confidence_0.89_0.jpg,3
DetectedBarcode_1622_confidence_0.88_0.jpg,3
DetectedBarcode_1623_confidence_0.88_0.jpg,3
DetectedBarcode_1624_confidence_0.86_0.jpg,3
DetectedBarcode_1625_confidence_0.86_0.jpg,3
DetectedBarcode_1626_confidence_0.91_0.jpg,3
DetectedBarcode_1627_confidence_0.88_0.jpg,3
DetectedBarcode_1628_confidence_0.90_0.jpg,3
DetectedBarcode_1629_confidence_0.90_0.jpg,3
DetectedBarcode_1630_confidence_0.90_0.jpg,3
DetectedBarcode_1631_confidence_0.89_0.jpg,3
DetectedBarcode_1632_confidence_0.89_0.jpg,3
DetectedBarcode_1633_confidence_0.89_0.jpg,3
DetectedBarcode_1634_confidence_0.91_0.jpg,3
DetectedBarcode_1635_confidence_0.90_0.jpg,3
DetectedBarcode_1636_confidence_0.91_0.jpg,3
DetectedBarcode_1637_confidence_0.88_0.jpg,3
DetectedBarcode_1638_confidence_0.88_0.jpg,3
DetectedBarcode_1639_confidence_0.88_0.jpg,3
DetectedBarcode_1640_confidence_0.87_0.jpg,3
DetectedBarcode_1641_confidence_0.87_0.jpg,3
DetectedBarcode_1642_confidence_0.91_0.jpg,3
DetectedBarcode_1643_confidence_0.88_0.jpg,3
DetectedBarcode_1644_confidence_0.89_0.jpg,3
DetectedBarcode_1645_confidence_0.91_0.jpg,3
DetectedBarcode_1646_confidence_0.89_0.jpg,3
DetectedBarcode_1647_confidence_0.88_0.jpg,3
DetectedBarcode_1648_confidence_0.90_0.jpg,3
DetectedBarcode_1649_confidence_0.89_0.jpg,3
DetectedBarcode_1650_confidence_0.90_0.jpg,3
DetectedBarcode_1651_confidence_0.88_0.jpg,3
DetectedBarcode_1652_confidence_0.89_0.jpg,3
DetectedBarcode_1653_confidence_0.90_0.jpg,3
DetectedBarcode_1654_confidence_0.90_0.jpg,3
DetectedBarcode_1655_confidence_0.91_0.jpg,3
DetectedBarcode_1656_confidence_0.90_0.jpg,3
DetectedBarcode_1657_confidence_0.90_0.jpg,3
DetectedBarcode_1658_confidence_0.91_0.jpg,3
DetectedBarcode_1659_confidence_0.89_0.jpg,3
DetectedBarcode_1660_confidence_0.86_0.jpg,3
DetectedBarcode_1661_confidence_0.87_0.jpg,3
DetectedBarcode_1662_confidence_0.87_0.jpg,3
DetectedBarcode_1663_confidence_0.88_0.jpg,3
DetectedBarcode_1664_confidence_0.88_0.jpg,3
DetectedBarcode_1665_confidence_0.90_0.jpg,3
DetectedBarcode_1666_confidence_0.89_0.jpg,3
DetectedBarcode_1667_confidence_0.90_0.jpg,3
DetectedBarcode_1668_confidence_0.90_0.jpg,3
DetectedBarcode_1669_confidence_0.90_0.jpg,3
DetectedBarcode_1670_confidence_0.86_0.jpg,3
DetectedBarcode_1671_confidence_0.87_0.jpg,3
DetectedBarcode_1672_confidence_0.90_0.jpg,3
DetectedBarcode_1673_confidence_0.85_0.jpg,3
DetectedBarcode_1674_confidence_0.88_0.jpg,3
DetectedBarcode_1675_confidence_0.89_0.jpg,3
DetectedBarcode_1676_confidence_0.88_0.jpg,3
DetectedBarcode_1677_confidence_0.91_0.jpg,3
DetectedBarcode_1678_confidence_0.88_0.jpg,3
DetectedBarcode_1679_confidence_0.88_0.jpg,3
DetectedBarcode_1680_confidence_0.86_0.jpg,3
DetectedBarcode_1681_confidence_0.90_0.jpg,3
DetectedBarcode_1682_confidence_0.90_0.jpg,3
DetectedBarcode_1683_confidence_0.89_0.jpg,3
DetectedBarcode_1684_confidence_0.89_0.jpg,3
DetectedBarcode_1685_confidence_0.86_0.jpg,3
DetectedBarcode_1686_confidence_0.89_0.jpg,3
DetectedBarcode_1687_confidence_0.87_0.jpg,3
DetectedBarcode_1688_confidence_0.89_0.jpg,3
DetectedBarcode_1689_confidence_0.90_0.jpg,3
DetectedBarcode_1690_confidence_0.89_0.jpg,3
DetectedBarcode_1691_confidence_0.87_0.jpg,3
DetectedBarcode_1692_confidence_0.90_0.jpg,3
DetectedBarcode_1693_confidence_0.89_0.jpg,3
DetectedBarcode_1694_confidence_0.88_0.jpg,3
DetectedBarcode_1695_confidence_0.89_0.jpg,3
DetectedBarcode_1696_confidence_0.86_0.jpg,3
DetectedBarcode_1697_confidence_0.85_0.jpg,3
DetectedBarcode_1698_confidence_0.84_0.jpg,3
DetectedBarcode_1699_confidence_0.84_0.jpg,3
DetectedBarcode_1700_confidence_0.84_0.jpg,3
DetectedBarcode_1701_confidence_0.86_0.jpg,3
DetectedBarcode_1702_confidence_0.83_0.jpg,3
DetectedBarcode_1703_confidence_0.85_0.jpg,3
DetectedBarcode_1704_confidence_0.87_0.jpg,3
DetectedBarcode_1705_confidence_0.84_0.jpg,3
DetectedBarcode_1706_confidence_0.87_0.jpg,3
DetectedBarcode_1707_confidence_0.84_0.jpg,3
DetectedBarcode_1708_confidence_0.82_0.jpg,3
DetectedBarcode_1709_confidence_0.88_0.jpg,3
DetectedBarcode_1710_confidence_0.83_0.jpg,3
DetectedBarcode_1711_confidence_0.87_0.jpg,3
DetectedBarcode_1712_confidence_0.85_0.jpg,3
DetectedBarcode_1713_confidence_0.84_0.jpg,3
DetectedBarcode_1714_confidence_0.84_0.jpg,3
DetectedBarcode_1715_confidence_0.88_0.jpg,3
DetectedBarcode_1716_confidence_0.86_0.jpg,3
DetectedBarcode_1717_confidence_0.83_0.jpg,3
DetectedBarcode_1718_confidence_0.84_0.jpg,3
DetectedBarcode_1719_confidence_0.84_0.jpg,3
DetectedBarcode_1720_confidence_0.87_0.jpg,3
DetectedBarcode_1721_confidence_0.84_0.jpg,3
DetectedBarcode_1722_confidence_0.86_0.jpg,3
DetectedBarcode_1723_confidence_0.88_0.jpg,3
DetectedBarcode_1724_confidence_0.86_0.jpg,3
DetectedBarcode_1725_confidence_0.84_0.jpg,3
DetectedBarcode_1726_confidence_0.82_0.jpg,3
DetectedBarcode_1727_confidence_0.83_0.jpg,3
DetectedBarcode_1728_confidence_0.86_0.jpg,3
DetectedBarcode_1729_confidence_0.89_0.jpg,3
DetectedBarcode_1730_confidence_0.87_0.jpg,3
DetectedBarcode_1731_confidence_0.85_0.jpg,3
DetectedBarcode_1732_confidence_0.85_0.jpg,3
DetectedBarcode_1733_confidence_0.90_0.jpg,3
DetectedBarcode_1734_confidence_0.88_0.jpg,3
DetectedBarcode_1735_confidence_0.88_0.jpg,3
DetectedBarcode_1736_confidence_0.85_0.jpg,3
DetectedBarcode_1737_confidence_0.87_0.jpg,3
DetectedBarcode_1738_confidence_0.89_0.jpg,3
DetectedBarcode_1739_confidence_0.88_0.jpg,3
DetectedBarcode_1740_confidence_0.83_0.jpg,3
DetectedBarcode_1741_confidence_0.84_0.jpg,3
DetectedBarcode_1742_confidence_0.84_0.jpg,3
DetectedBarcode_1743_confidence_0.83_0.jpg,3
DetectedBarcode_1744_confidence_0.86_0.jpg,3
DetectedBarcode_1745_confidence_0.82_0.jpg,3
DetectedBarcode_1746_confidence_0.88_0.jpg,3
DetectedBarcode_1747_confidence_0.86_0.jpg,3
DetectedBarcode_1748_confidence_0.89_0.jpg,3
DetectedBarcode_1749_confidence_0.90_0.jpg,3
DetectedBarcode_1750_confidence_0.89_0.jpg,3
DetectedBarcode_1751_confidence_0.83_0.jpg,3
DetectedBarcode_1752_confidence_0.85_0.jpg,3
DetectedBarcode_1753_confidence_0.84_0.jpg,3
DetectedBarcode_1754_confidence_0.87_0.jpg,3
DetectedBarcode_1755_confidence_0.87_0.jpg,3
DetectedBarcode_1756_confidence_0.84_0.jpg,3
DetectedBarcode_1757_confidence_0.86_0.jpg,3
DetectedBarcode_1758_confidence_0.82_0.jpg,3
DetectedBarcode_1759_confidence_0.83_0.jpg,3
DetectedBarcode_1760_confidence_0.86_0.jpg,3
DetectedBarcode_1761_confidence_0.83_0.jpg,3
DetectedBarcode_1762_confidence_0.85_0.jpg,3
DetectedBarcode_1763_confidence_0.85_0.jpg,3
DetectedBarcode_1764_confidence_0.91_0.jpg,3
DetectedBarcode_1765_confidence_0.83_0.jpg,3
DetectedBarcode_1766_confidence_0.89_0.jpg,3
DetectedBarcode_1767_confidence_0.88_0.jpg,3
DetectedBarcode_1768_confidence_0.78_0.jpg,3
DetectedBarcode_1769_confidence_0.85_0.jpg,3
DetectedBarcode_1770_confidence_0.87_0.jpg,3
DetectedBarcode_1771_confidence_0.87_0.jpg,3
DetectedBarcode_1772_confidence_0.85_0.jpg,3
DetectedBarcode_1773_confidence_0.87_0.jpg,3
DetectedBarcode_1774_confidence_0.88_0.jpg,3
DetectedBarcode_1775_confidence_0.84_0.jpg,3
DetectedBarcode_1776_confidence_0.82_0.jpg,3
DetectedBarcode_1777_confidence_0.85_0.jpg,3
DetectedBarcode_1778_confidence_0.89_0.jpg,3
DetectedBarcode_1779_confidence_0.87_0.jpg,3
DetectedBarcode_1780_confidence_0.83_0.jpg,3
DetectedBarcode_1781_confidence_0.85_0.jpg,3
DetectedBarcode_1782_confidence_0.84_0.jpg,3
DetectedBarcode_1783_confidence_0.86_0.jpg,3
DetectedBarcode_1784_confidence_0.86_0.jpg,3
DetectedBarcode_1785_confidence_0.89_0.jpg,3
DetectedBarcode_1786_confidence_0.87_0.jpg,3
DetectedBarcode_1787_confidence_0.90_0.jpg,3
DetectedBarcode_1788_confidence_0.83_0.jpg,3
DetectedBarcode_1789_confidence_0.84_0.jpg,3
DetectedBarcode_1790_confidence_0.88_0.jpg,3
DetectedBarcode_1791_confidence_0.87_0.jpg,3
DetectedBarcode_1792_confidence_0.90_0.jpg,3
DetectedBarcode_1793_confidence_0.84_0.jpg,3
DetectedBarcode_1794_confidence_0.86_0.jpg,3
DetectedBarcode_1795_confidence_0.83_0.jpg,3
DetectedBarcode_1796_confidence_0.82_0.jpg,3
DetectedBarcode_1797_confidence_0.84_0.jpg,3
DetectedBarcode_1798_confidence_0.83_0.jpg,3
DetectedBarcode_1799_confidence_0.83_0.jpg,3
DetectedBarcode_1800_confidence_0.84_0.jpg,3
DetectedBarcode_1801_confidence_0.86_0.jpg,3
DetectedBarcode_1802_confidence_0.87_0.jpg,3
DetectedBarcode_1803_confidence_0.85_0.jpg,3
DetectedBarcode_1804_confidence_0.87_0.jpg,3
DetectedBarcode_1805_confidence_0.90_0.jpg,3
DetectedBarcode_1806_confidence_0.85_0.jpg,3
DetectedBarcode_1807_confidence_0.86_0.jpg,3
DetectedBarcode_1808_confidence_0.87_0.jpg,3
DetectedBarcode_1809_confidence_0.85_0.jpg,3
DetectedBarcode_1810_confidence_0.84_0.jpg,3
DetectedBarcode_1811_confidence_0.85_0.jpg,3
DetectedBarcode_1812_confidence_0.86_0.jpg,3
DetectedBarcode_1813_confidence_0.87_0.jpg,3
DetectedBarcode_1814_confidence_0.84_0.jpg,3
DetectedBarcode_1815_confidence_0.89_0.jpg,3
DetectedBarcode_1816_confidence_0.87_0.jpg,3
DetectedBarcode_1817_confidence_0.88_0.jpg,3
DetectedBarcode_1818_confidence_0.84_0.jpg,3
DetectedBarcode_1819_confidence_0.90_0.jpg,3
DetectedBarcode_1820_confidence_0.87_0.jpg,3
DetectedBarcode_1821_confidence_0.85_0.jpg,3
DetectedBarcode_1822_confidence_0.77_0.jpg,3
DetectedBarcode_1823_confidence_0.87_0.jpg,3
DetectedBarcode_1824_confidence_0.87_0.jpg,3
DetectedBarcode_1825_confidence_0.89_0.jpg,3
DetectedBarcode_1826_confidence_0.86_0.jpg,3
DetectedBarcode_1827_confidence_0.83_0.jpg,3
DetectedBarcode_1828_confidence_0.84_0.jpg,3
DetectedBarcode_1829_confidence_0.85_0.jpg,3
DetectedBarcode_1830_confidence_0.84_0.jpg,3
DetectedBarcode_1831_confidence_0.87_0.jpg,3
DetectedBarcode_1832_confidence_0.88_0.jpg,3
DetectedBarcode_1833_confidence_0.91_0.jpg,3
DetectedBarcode_1834_confidence_0.86_0.jpg,3
DetectedBarcode_1835_confidence_0.89_0.jpg,3
DetectedBarcode_1836_confidence_0.87_0.jpg,3
DetectedBarcode_1837_confidence_0.89_0.jpg,3
DetectedBarcode_1838_confidence_0.88_0.jpg,3
DetectedBarcode_1839_confidence_0.85_0.jpg,3
DetectedBarcode_1840_confidence_0.87_0.jpg,3
DetectedBarcode_1841_confidence_0.88_0.jpg,3
DetectedBarcode_1842_confidence_0.84_0.jpg,3
DetectedBarcode_1843_confidence_0.85_0.jpg,3
DetectedBarcode_1844_confidence_0.82_0.jpg,3
DetectedBarcode_1845_confidence_0.84_0.jpg,3
DetectedBarcode_1846_confidence_0.84_0.jpg,3
DetectedBarcode_1847_confidence_0.85_0.jpg,3
DetectedBarcode_1848_confidence_0.85_0.jpg,3
DetectedBarcode_1849_confidence_0.87_0.jpg,3
DetectedBarcode_1850_confidence_0.82_0.jpg,3
DetectedBarcode_1851_confidence_0.85_0.jpg,3
DetectedBarcode_1852_confidence_0.83_0.jpg,3
DetectedBarcode_1853_confidence_0.85_0.jpg,3
DetectedBarcode_1854_confidence_0.84_0.jpg,3
DetectedBarcode_1855_confidence_0.90_0.jpg,3
DetectedBarcode_1856_confidence_0.91_0.jpg,3
DetectedBarcode_1857_confidence_0.88_0.jpg,3
DetectedBarcode_1858_confidence_0.85_0.jpg,3
DetectedBarcode_1859_confidence_0.87_0.jpg,3
DetectedBarcode_1860_confidence_0.88_0.jpg,3
DetectedBarcode_1861_confidence_0.85_0.jpg,3
DetectedBarcode_1862_confidence_0.85_0.jpg,3
DetectedBarcode_1863_confidence_0.83_0.jpg,3
DetectedBarcode_1864_confidence_0.84_0.jpg,3
DetectedBarcode_1865_confidence_0.82_0.jpg,3
DetectedBarcode_1866_confidence_0.89_0.jpg,3
DetectedBarcode_1867_confidence_0.91_0.jpg,3
DetectedBarcode_1868_confidence_0.89_0.jpg,3
DetectedBarcode_1869_confidence_0.86_0.jpg,3
DetectedBarcode_1870_confidence_0.90_0.jpg,3
DetectedBarcode_1871_confidence_0.86_0.jpg,3
DetectedBarcode_1872_confidence_0.88_0.jpg,3
DetectedBarcode_1873_confidence_0.81_0.jpg,3
DetectedBarcode_1874_confidence_0.79_0.jpg,3
DetectedBarcode_1875_confidence_0.80_0.jpg,3
DetectedBarcode_1876_confidence_0.85_0.jpg,3
DetectedBarcode_1877_confidence_0.83_0.jpg,3
DetectedBarcode_1878_confidence_0.82_0.jpg,3
DetectedBarcode_1879_confidence_0.86_0.jpg,3
DetectedBarcode_1880_confidence_0.86_0.jpg,3
DetectedBarcode_1881_confidence_0.86_0.jpg,3
DetectedBarcode_1882_confidence_0.87_0.jpg,3
DetectedBarcode_1883_confidence_0.86_0.jpg,3
DetectedBarcode_1884_confidence_0.83_0.jpg,3
DetectedBarcode_1885_confidence_0.81_0.jpg,3
DetectedBarcode_1886_confidence_0.88_0.jpg,3
DetectedBarcode_1887_confidence_0.86_0.jpg,3
DetectedBarcode_1888_confidence_0.90_0.jpg,3
DetectedBarcode_1889_confidence_0.82_0.jpg,3
DetectedBarcode_1890_confidence_0.85_0.jpg,3
DetectedBarcode_1891_confidence_0.82_0.jpg,3
DetectedBarcode_1892_confidence_0.84_0.jpg,3
DetectedBarcode_1893_confidence_0.84_0.jpg,3
DetectedBarcode_1894_confidence_0.86_0.jpg,3
DetectedBarcode_1895_confidence_0.87_0.jpg,3
DetectedBarcode_1896_confidence_0.91_0.jpg,3
DetectedBarcode_1897_confidence_0.83_0.jpg,3
DetectedBarcode_1898_confidence_0.80_0.jpg,3
DetectedBarcode_1899_confidence_0.83_0.jpg,3
DetectedBarcode_1900_confidence_0.83_0.jpg,3
DetectedBarcode_1901_confidence_0.90_0.jpg,3
DetectedBarcode_1902_confidence_0.82_0.jpg,3
DetectedBarcode_1903_confidence_0.80_0.jpg,3
DetectedBarcode_1904_confidence_0.87_0.jpg,3
DetectedBarcode_1905_confidence_0.85_0.jpg,3
DetectedBarcode_1906_confidence_0.81_0.jpg,3
DetectedBarcode_1907_confidence_0.84_0.jpg,3
DetectedBarcode_1908_confidence_0.80_0.jpg,3
DetectedBarcode_1909_confidence_0.84_0.jpg,3
DetectedBarcode_1910_confidence_0.85_0.jpg,3
DetectedBarcode_1911_confidence_0.86_0.jpg,3
DetectedBarcode_1912_confidence_0.88_0.jpg,3
DetectedBarcode_1913_confidence_0.88_0.jpg,3
DetectedBarcode_1914_confidence_0.86_0.jpg,3
DetectedBarcode_1915_confidence_0.83_0.jpg,3
DetectedBarcode_1916_confidence_0.84_0.jpg,3
DetectedBarcode_1917_confidence_0.85_0.jpg,3
DetectedBarcode_1918_confidence_0.88_0.jpg,3
DetectedBarcode_1919_confidence_0.85_0.jpg,3
DetectedBarcode_1920_confidence_0.83_0.jpg,3
DetectedBarcode_1921_confidence_0.89_0.jpg,3
DetectedBarcode_1922_confidence_0.86_0.jpg,3
DetectedBarcode_1923_confidence_0.87_0.jpg,3
DetectedBarcode_1924_confidence_0.88_0.jpg,3
DetectedBarcode_1925_confidence_0.89_0.jpg,3
DetectedBarcode_1926_confidence_0.88_0.jpg,3
DetectedBarcode_1927_confidence_0.90_0.jpg,3
DetectedBarcode_1928_confidence_0.87_0.jpg,3
DetectedBarcode_1929_confidence_0.81_0.jpg,3
DetectedBarcode_1930_confidence_0.87_0.jpg,3
DetectedBarcode_1931_confidence_0.83_0.jpg,3
DetectedBarcode_1932_confidence_0.89_0.jpg,3
DetectedBarcode_1933_confidence_0.80_0.jpg,3
DetectedBarcode_1934_confidence_0.81_0.jpg,3
DetectedBarcode_1935_confidence_0.85_0.jpg,3
DetectedBarcode_1936_confidence_0.82_0.jpg,3
DetectedBarcode_1937_confidence_0.65_0.jpg,3
DetectedBarcode_1938_confidence_0.84_0.jpg,3
DetectedBarcode_1939_confidence_0.77_0.jpg,3
DetectedBarcode_1940_confidence_0.81_0.jpg,3
DetectedBarcode_1941_confidence_0.84_0.jpg,3
DetectedBarcode_1942_confidence_0.87_0.jpg,3
DetectedBarcode_1943_confidence_0.85_0.jpg,3
DetectedBarcode_1944_confidence_0.88_0.jpg,3
DetectedBarcode_1945_confidence_0.82_0.jpg,3
DetectedBarcode_1946_confidence_0.84_0.jpg,3
DetectedBarcode_1947_confidence_0.87_0.jpg,3
DetectedBarcode_1948_confidence_0.86_0.jpg,3
DetectedBarcode_1949_confidence_0.84_0.jpg,3
DetectedBarcode_1950_confidence_0.77_0.jpg,3
DetectedBarcode_1951_confidence_0.88_0.jpg,3
DetectedBarcode_1952_confidence_0.86_0.jpg,3
DetectedBarcode_1953_confidence_0.84_0.jpg,3
DetectedBarcode_1954_confidence_0.82_0.jpg,3
DetectedBarcode_1955_confidence_0.83_0.jpg,3
DetectedBarcode_1956_confidence_0.85_0.jpg,3
DetectedBarcode_1957_confidence_0.88_0.jpg,3
DetectedBarcode_1958_confidence_0.84_0.jpg,3
DetectedBarcode_1959_confidence_0.81_0.jpg,3
DetectedBarcode_1960_confidence_0.88_0.jpg,3
DetectedBarcode_1961_confidence_0.82_0.jpg,3
DetectedBarcode_1962_confidence_0.85_0.jpg,3
DetectedBarcode_1963_confidence_0.84_0.jpg,3
DetectedBarcode_1964_confidence_0.78_0.jpg,3
DetectedBarcode_1965_confidence_0.83_0.jpg,3
DetectedBarcode_1966_confidence_0.86_0.jpg,3
DetectedBarcode_1967_confidence_0.89_0.jpg,3
DetectedBarcode_1968_confidence_0.87_0.jpg,3
DetectedBarcode_1969_confidence_0.86_0.jpg,3
DetectedBarcode_1970_confidence_0.69_0.jpg,3
DetectedBarcode_1971_confidence_0.85_0.jpg,3
DetectedBarcode_1972_confidence_0.87_0.jpg,3
DetectedBarcode_1973_confidence_0.85_0.jpg,3
DetectedBarcode_1974_confidence_0.86_0.jpg,3
DetectedBarcode_1975_confidence_0.84_0.jpg,3
DetectedBarcode_1976_confidence_0.86_0.jpg,3
DetectedBarcode_1977_confidence_0.86_0.jpg,3
DetectedBarcode_1978_confidence_0.70_0.jpg,3
DetectedBarcode_1979_confidence_0.88_0.jpg,3
DetectedBarcode_1980_confidence_0.85_0.jpg,3
DetectedBarcode_1981_confidence_0.81_0.jpg,3
DetectedBarcode_1982_confidence_0.83_0.jpg,3
DetectedBarcode_1983_confidence_0.81_0.jpg,3
DetectedBarcode_1984_confidence_0.78_0.jpg,3
DetectedBarcode_1985_confidence_0.67_0.jpg,3
DetectedBarcode_1986_confidence_0.86_0.jpg,3
DetectedBarcode_1987_confidence_0.79_0.jpg,3
DetectedBarcode_1988_confidence_0.73_0.jpg,3
DetectedBarcode_1989_confidence_0.85_0.jpg,3
DetectedBarcode_1990_confidence_0.91_0.jpg,3
DetectedBarcode_1991_confidence_0.84_0.jpg,3
DetectedBarcode_1992_confidence_0.89_0.jpg,3
DetectedBarcode_1993_confidence_0.87_0.jpg,3
DetectedBarcode_1994_confidence_0.88_0.jpg,3
DetectedBarcode_1995_confidence_0.85_0.jpg,3
DetectedBarcode_1996_confidence_0.87_0.jpg,3
DetectedBarcode_1997_confidence_0.84_0.jpg,3
DetectedBarcode_1998_confidence_0.85_0.jpg,3
DetectedBarcode_1999_confidence_0.87_0.jpg,3
DetectedBarcode_2000_confidence_0.83_0.jpg,3
DetectedBarcode_2001_confidence_0.86_0.jpg,3
DetectedBarcode_2002_confidence_0.83_0.jpg,3
DetectedBarcode_2003_confidence_0.84_0.jpg,3
DetectedBarcode_2004_confidence_0.87_0.jpg,3
DetectedBarcode_2005_confidence_0.87_0.jpg,3
DetectedBarcode_2006_confidence_0.86_0.jpg,3
DetectedBarcode_2007_confidence_0.88_0.jpg,3
DetectedBarcode_2008_confidence_0.82_0.jpg,3
DetectedBarcode_2009_confidence_0.63_0.jpg,3
DetectedBarcode_2010_confidence_0.82_0.jpg,3
DetectedBarcode_2011_confidence_0.85_0.jpg,3
DetectedBarcode_2012_confidence_0.84_0.jpg,3
DetectedBarcode_2013_confidence_0.87_0.jpg,3
DetectedBarcode_2014_confidence_0.84_0.jpg,3
DetectedBarcode_2015_confidence_0.87_0.jpg,3
DetectedBarcode_2016_confidence_0.87_0.jpg,3
DetectedBarcode_2017_confidence_0.84_0.jpg,3
DetectedBarcode_2018_confidence_0.83_0.jpg,3
DetectedBarcode_2019_confidence_0.83_0.jpg,3
DetectedBarcode_2020_confidence_0.82_0.jpg,3
DetectedBarcode_2021_confidence_0.86_0.jpg,3
DetectedBarcode_2022_confidence_0.88_0.jpg,3
DetectedBarcode_2023_confidence_0.86_0.jpg,3
DetectedBarcode_2024_confidence_0.83_0.jpg,3
DetectedBarcode_2025_confidence_0.86_0.jpg,3
DetectedBarcode_2026_confidence_0.81_0.jpg,3
DetectedBarcode_2027_confidence_0.85_0.jpg,3
DetectedBarcode_2028_confidence_0.86_0.jpg,3
DetectedBarcode_2029_confidence_0.86_0.jpg,3
DetectedBarcode_2030_confidence_0.88_0.jpg,3
DetectedBarcode_2031_confidence_0.84_0.jpg,3
DetectedBarcode_2032_confidence_0.83_0.jpg,3
DetectedBarcode_2033_confidence_0.83_0.jpg,3
DetectedBarcode_2034_confidence_0.84_0.jpg,3
DetectedBarcode_2035_confidence_0.84_0.jpg,3
DetectedBarcode_2036_confidence_0.85_0.jpg,3
DetectedBarcode_2037_confidence_0.85_0.jpg,3
DetectedBarcode_2038_confidence_0.84_0.jpg,3
DetectedBarcode_2039_confidence_0.87_0.jpg,3
DetectedBarcode_2040_confidence_0.88_0.jpg,3
DetectedBarcode_2041_confidence_0.85_0.jpg,3
DetectedBarcode_2042_confidence_0.86_0.jpg,3
DetectedBarcode_2043_confidence_0.85_0.jpg,3
DetectedBarcode_2044_confidence_0.83_0.jpg,3
DetectedBarcode_2045_confidence_0.84_0.jpg,3
DetectedBarcode_2046_confidence_0.83_0.jpg,3
DetectedBarcode_2047_confidence_0.83_0.jpg,3
DetectedBarcode_2048_confidence_0.87_0.jpg,3
DetectedBarcode_2049_confidence_0.83_0.jpg,3
DetectedBarcode_2050_confidence_0.87_0.jpg,3
DetectedBarcode_2051_confidence_0.85_0.jpg,3
DetectedBarcode_2052_confidence_0.84_0.jpg,3
DetectedBarcode_2053_confidence_0.85_0.jpg,3
DetectedBarcode_2054_confidence_0.82_0.jpg,3
DetectedBarcode_2055_confidence_0.86_0.jpg,3
DetectedBarcode_2056_confidence_0.85_0.jpg,3
DetectedBarcode_2057_confidence_0.84_0.jpg,3
DetectedBarcode_2058_confidence_0.85_0.jpg,3
DetectedBarcode_2059_confidence_0.86_0.jpg,3
DetectedBarcode_2060_confidence_0.86_0.jpg,3
DetectedBarcode_2061_confidence_0.85_0.jpg,3
DetectedBarcode_2062_confidence_0.83_0.jpg,3
DetectedBarcode_2063_confidence_0.83_0.jpg,3
DetectedBarcode_2064_confidence_0.87_0.jpg,3
DetectedBarcode_2065_confidence_0.87_0.jpg,3
DetectedBarcode_2066_confidence_0.87_0.jpg,3
DetectedBarcode_2067_confidence_0.87_0.jpg,3
DetectedBarcode_2068_confidence_0.88_0.jpg,3
DetectedBarcode_2069_confidence_0.84_0.jpg,3
DetectedBarcode_2070_confidence_0.89_0.jpg,3
DetectedBarcode_2071_confidence_0.82_0.jpg,3
DetectedBarcode_2072_confidence_0.84_0.jpg,3
DetectedBarcode_2073_confidence_0.79_0.jpg,3
DetectedBarcode_2074_confidence_0.83_0.jpg,3
DetectedBarcode_2075_confidence_0.83_0.jpg,3
DetectedBarcode_2076_confidence_0.85_0.jpg,3
DetectedBarcode_2077_confidence_0.83_0.jpg,3
DetectedBarcode_2078_confidence_0.84_0.jpg,3
DetectedBarcode_2079_confidence_0.87_0.jpg,3
DetectedBarcode_2080_confidence_0.82_0.jpg,3
DetectedBarcode_2081_confidence_0.86_0.jpg,3
DetectedBarcode_2082_confidence_0.85_0.jpg,3
DetectedBarcode_2083_confidence_0.85_0.jpg,3
DetectedBarcode_2084_confidence_0.88_0.jpg,3
DetectedBarcode_2085_confidence_0.84_0.jpg,3
DetectedBarcode_2086_confidence_0.84_0.jpg,3
DetectedBarcode_2087_confidence_0.86_0.jpg,3
DetectedBarcode_2088_confidence_0.83_0.jpg,3
DetectedBarcode_2089_confidence_0.80_0.jpg,3
DetectedBarcode_2090_confidence_0.82_0.jpg,3
DetectedBarcode_2091_confidence_0.86_0.jpg,3
DetectedBarcode_2092_confidence_0.86_0.jpg,3
DetectedBarcode_2093_confidence_0.88_0.jpg,3
DetectedBarcode_2094_confidence_0.89_0.jpg,3
DetectedBarcode_2095_confidence_0.85_0.jpg,3
DetectedBarcode_2096_confidence_0.81_0.jpg,3
DetectedBarcode_2097_confidence_0.83_0.jpg,3
DetectedBarcode_2098_confidence_0.84_0.jpg,3
DetectedBarcode_2099_confidence_0.86_0.jpg,3
DetectedBarcode_2100_confidence_0.84_0.jpg,3
DetectedBarcode_2101_confidence_0.87_0.jpg,3
DetectedBarcode_2102_confidence_0.87_0.jpg,3
DetectedBarcode_2103_confidence_0.86_0.jpg,3
DetectedBarcode_2104_confidence_0.84_0.jpg,3
DetectedBarcode_2105_confidence_0.89_0.jpg,3
DetectedBarcode_2106_confidence_0.86_0.jpg,3
DetectedBarcode_2107_confidence_0.81_0.jpg,3
